Trade #,Entry Time,Exit Time,Type,Strike,Entry Spot,Exit Spot,Option Buy Price (RS),Option Sell Price (RS),Qty,Trade PnL (RS),Capital (RS)
1,2025-09-22 09:15,2025-09-22 12:15,PE,25400,25311.45,25301.9,196.36,202.06,65,370.5,15370.5
2,2025-09-22 13:15,2025-09-22 14:15,PE,25400,25276.5,25186.6,217.65,278.05,65,3926.0,19296.5
3,2025-09-22 14:15,2025-09-23 09:15,PE,25300,25195.55,25145.3,205.33,237.18,65,2070.25,21366.75
4,2025-09-23 09:15,2025-09-23 10:15,PE,25300,25150.9,25131.4,233.5,246.44,65,841.1,22207.85
5,2025-09-23 12:15,2025-09-23 13:15,CE,25100,25197.75,25226.6,212.83,231.35,65,1203.8,23411.65
6,2025-09-23 14:15,2025-09-24 09:15,PE,25300,25171.9,25085.55,220.0,278.3,65,3789.5,27201.15
7,2025-09-24 09:15,2025-09-24 10:15,PE,25200,25094.7,25062.9,205.29,225.19,65,1293.5,28494.65
8,2025-09-24 14:15,2025-09-25 09:15,PE,25200,25059.75,25039.9,227.22,240.22,65,845.0,29339.65
9,2025-09-25 09:15,2025-09-25 10:15,PE,25100,25031.7,25034.75,182.89,181.16,65,-112.45,29227.2
10,2025-09-25 11:15,2025-09-25 12:15,PE,25100,24981.5,24994.9,212.87,204.61,65,-536.9,28690.3
11,2025-09-25 14:15,2025-09-26 09:15,PE,25000,24883.3,24794.25,211.19,270.61,65,3862.3,32552.6
12,2025-09-26 09:15,2025-09-26 10:15,PE,24900,24780.5,24798.5,212.39,201.3,65,-720.85,31831.75
13,2025-09-26 13:15,2025-09-26 14:15,PE,24800,24663.55,24664.65,222.59,221.89,65,-45.5,31786.25
14,2025-09-29 09:15,2025-09-29 10:15,CE,24700,24758.4,24756.15,186.48,185.16,65,-85.8,31700.45
15,2025-09-29 11:15,2025-09-29 12:15,PE,24700,24641.7,24641.2,174.94,175.22,65,18.2,31718.65
16,2025-09-29 13:15,2025-09-29 14:15,CE,24600,24723.85,24710.9,226.6,218.18,65,-547.3,31171.35
17,2025-09-29 14:15,2025-09-29 15:15,PE,24700,24639.65,24654.45,176.09,167.88,65,-533.65,30637.7
18,2025-09-30 13:15,2025-09-30 14:15,PE,24700,24623.9,24623.0,185.09,185.61,65,33.8,30671.5
19,2025-10-01 09:15,2025-10-01 10:15,CE,24600,24659.95,24669.5,186.78,192.46,65,369.2,31040.7
20,2025-10-01 14:15,2025-10-03 09:15,CE,24700,24822.5,24818.4,226.3,223.63,65,-173.55,30867.15
21,2025-10-03 09:15,2025-10-03 10:15,PE,24900,24798.35,24807.95,201.39,195.61,65,-375.7,30491.45
22,2025-10-03 14:15,2025-10-06 09:15,CE,24800,24888.5,24937.2,205.25,236.61,65,2038.4,32529.85
23,2025-10-06 09:15,2025-10-06 10:15,CE,24900,24968.9,24981.3,193.94,201.43,65,486.85,33016.7
24,2025-10-07 09:15,2025-10-07 10:15,CE,25100,25183.65,25160.95,204.09,190.45,65,-886.6,32130.1
25,2025-10-07 14:15,2025-10-08 09:15,PE,25200,25091.0,25123.6,207.55,188.12,65,-1262.95,30867.15
26,2025-10-08 09:15,2025-10-08 10:15,CE,25000,25149.55,25117.85,246.1,225.05,65,-1368.25,29498.9
27,2025-10-08 10:15,2025-10-08 11:15,PE,25100,25042.65,25057.6,176.71,168.48,65,-534.95,28963.95
28,2025-10-08 12:15,2025-10-08 13:15,CE,25000,25098.05,25099.35,212.42,213.23,65,52.65,29016.6
29,2025-10-09 10:15,2025-10-09 11:15,CE,25100,25152.55,25146.1,185.54,181.81,65,-242.45,28774.15
30,2025-10-10 09:15,2025-10-10 10:15,CE,25200,25262.45,25275.7,191.95,199.86,65,514.15,29288.3
31,2025-10-13 09:15,2025-10-13 10:15,PE,25300,25199.25,25210.7,203.09,196.24,65,-445.25,28843.05
32,2025-10-14 09:15,2025-10-14 10:15,PE,25300,25196.7,25194.55,204.63,205.94,65,85.15,28928.2
33,2025-10-14 10:15,2025-10-14 11:15,PE,25300,25174.0,25136.95,218.67,242.72,65,1563.25,30491.45
34,2025-10-14 12:15,2025-10-14 13:15,PE,25200,25084.05,25114.55,211.84,193.4,65,-1198.6,29292.85
35,2025-10-14 14:15,2025-10-14 15:15,CE,25000,25144.8,25126.4,242.89,230.63,65,-796.9,28495.95
36,2025-10-15 09:15,2025-10-15 10:15,CE,25200,25251.25,25291.0,185.4,209.23,65,1548.95,30044.9
37,2025-10-15 10:15,2025-10-15 12:15,CE,25200,25292.6,25301.1,210.22,215.54,65,345.8,30390.7
38,2025-10-16 09:15,2025-10-16 10:15,CE,25300,25423.45,25437.6,230.47,239.81,65,607.1,30997.8
39,2025-10-16 13:15,2025-10-16 14:15,CE,25500,25551.85,25589.8,187.6,210.3,65,1475.5,32473.3
40,2025-10-17 09:15,2025-10-17 10:15,CE,25600,25670.15,25722.95,198.98,231.93,65,2141.75,34615.05
41,2025-10-17 10:15,2025-10-17 11:15,CE,25700,25750.65,25741.7,188.14,183.02,65,-332.8,34282.25
42,2025-10-17 11:15,2025-10-17 12:15,CE,25700,25760.6,25745.95,193.94,185.44,65,-552.5,33729.75
43,2025-10-17 12:15,2025-10-17 13:15,PE,25800,25668.75,25655.45,224.74,233.25,65,553.15,34282.9
44,2025-10-20 09:15,2025-10-20 10:15,CE,25800,25856.55,25857.95,192.18,193.0,65,53.3,34336.2
45,2025-10-20 12:15,2025-10-20 13:15,CE,25800,25898.4,25866.5,217.47,198.03,65,-1263.6,33072.6
46,2025-10-21 14:15,2025-10-23 09:15,PE,26000,25868.6,25903.6,225.93,204.42,65,-1398.15,31674.45
47,2025-10-23 09:15,2025-10-23 10:15,CE,26000,26095.9,26064.6,217.12,198.14,65,-1233.7,30440.75
48,2025-10-23 13:15,2025-10-23 14:15,PE,26100,25958.55,25898.5,232.88,273.14,65,2616.9,33057.65
49,2025-10-23 14:15,2025-10-23 15:15,PE,26000,25865.35,25897.6,227.99,208.02,65,-1298.05,31759.6
50,2025-10-24 13:15,2025-10-24 14:15,PE,25900,25755.4,25772.95,233.82,222.64,65,-726.7,31032.9
51,2025-10-27 09:15,2025-10-27 11:15,CE,25900,25961.85,25969.9,195.9,200.67,65,310.05,31342.95
52,2025-10-28 09:15,2025-10-28 10:15,PE,26000,25905.25,25875.2,203.44,221.78,65,1192.1,32535.05
53,2025-10-28 12:15,2025-10-28 13:15,CE,25800,25926.35,25921.0,235.33,231.85,65,-226.2,32308.85
54,2025-10-30 09:15,2025-10-30 10:15,PE,26100,25959.45,25946.95,232.3,240.39,65,525.85,32834.7
55,2025-10-31 10:15,2025-10-31 11:15,PE,25900,25776.75,25804.55,220.26,203.29,65,-1103.05,31731.65
56,2025-11-04 09:15,2025-11-04 10:15,PE,25800,25698.2,25709.05,206.54,200.05,65,-421.85,31309.8
57,2025-11-04 13:15,2025-11-04 14:15,PE,25700,25616.5,25620.15,195.1,192.97,65,-138.45,31171.35
58,2025-11-06 09:15,2025-11-06 10:15,PE,25600,25542.75,25555.75,179.54,172.38,65,-465.4,30705.95
59,2025-11-06 12:15,2025-11-06 13:15,CE,25500,25583.6,25568.1,206.49,197.14,65,-607.75,30098.2
60,2025-11-07 09:15,2025-11-07 10:15,PE,25400,25343.25,25373.2,178.1,161.89,65,-1053.65,29044.55
61,2025-11-10 09:15,2025-11-10 10:15,CE,25500,25576.0,25596.8,201.88,214.65,65,830.05,29874.6
62,2025-11-10 13:15,2025-11-10 14:15,PE,25700,25618.9,25597.1,193.7,206.64,65,841.1,30715.7
63,2025-11-10 14:15,2025-11-11 09:15,PE,25700,25565.45,25522.5,226.29,254.55,65,1836.9,32552.6
64,2025-11-11 09:15,2025-11-11 10:15,PE,25600,25501.95,25485.85,203.15,212.95,65,637.0,33189.6
65,2025-11-11 10:15,2025-11-11 11:15,PE,25600,25478.45,25498.2,217.54,205.41,65,-788.45,32401.15
66,2025-11-11 11:15,2025-11-11 12:15,CE,25400,25538.3,25555.55,240.86,252.5,65,756.6,33157.75
67,2025-11-11 13:15,2025-11-11 14:15,CE,25500,25647.2,25667.15,247.41,261.05,65,886.6,34044.35
68,2025-11-12 09:15,2025-11-12 10:15,CE,25700,25839.85,25849.2,243.65,249.92,65,407.55,34451.9
69,2025-11-13 09:15,2025-11-13 10:15,CE,25800,25898.5,25940.75,217.53,244.83,65,1774.5,36226.4
70,2025-11-13 10:15,2025-11-13 12:15,CE,25900,25963.35,25954.4,196.79,191.55,65,-340.6,35885.8
71,2025-11-13 13:15,2025-11-13 14:15,PE,26000,25894.45,25901.1,209.93,205.92,65,-260.65,35625.15
72,2025-11-14 09:15,2025-11-14 10:15,PE,25900,25780.05,25786.85,218.2,214.01,65,-272.35,35352.8
73,2025-11-14 13:15,2025-11-14 14:15,PE,25900,25774.4,25792.15,221.73,210.76,65,-713.05,34639.75
74,2025-11-14 14:15,2025-11-17 09:15,CE,25800,25930.2,25944.5,237.85,247.34,65,616.85,35256.6
75,2025-11-17 09:15,2025-11-17 10:15,CE,25800,25949.3,25936.35,250.57,241.91,65,-562.9,34693.7
76,2025-11-18 09:15,2025-11-18 10:15,PE,26000,25895.85,25912.25,209.08,199.3,65,-635.7,34058.0
77,2025-11-19 09:15,2025-11-19 10:15,CE,25900,25952.1,25943.9,190.22,185.51,65,-306.15,33751.85
78,2025-11-19 11:15,2025-11-19 12:15,CE,25900,25993.3,26003.6,214.9,221.33,65,417.95,34169.8
79,2025-11-20 09:15,2025-11-20 10:15,CE,26000,26099.65,26109.85,219.46,225.89,65,417.95,34587.75
80,2025-11-21 09:15,2025-11-21 10:15,PE,26200,26087.4,26090.95,215.34,213.17,65,-141.05,34446.7
81,2025-11-21 11:15,2025-11-21 12:15,CE,26000,26123.9,26144.1,234.92,248.24,65,865.8,35312.5
82,2025-11-21 12:15,2025-11-21 13:15,CE,26000,26135.55,26113.7,242.55,228.35,65,-923.0,34389.5
83,2025-11-21 14:15,2025-11-24 09:15,PE,26200,26069.35,26087.8,226.56,215.1,65,-744.9,33644.6
84,2025-11-24 09:15,2025-11-24 10:15,CE,26000,26128.5,26107.5,237.92,224.4,65,-878.8,32765.8
85,2025-11-24 11:15,2025-11-24 12:15,PE,26200,26069.1,26082.0,226.72,218.66,65,-523.9,32241.9
86,2025-11-24 14:15,2025-11-24 15:15,PE,26100,25954.4,25948.0,235.55,239.7,65,269.75,32511.65
87,2025-11-25 09:15,2025-11-25 10:15,CE,25900,26018.6,25989.0,230.9,212.24,65,-1212.9,31298.75
88,2025-11-25 14:15,2025-11-26 09:15,PE,26000,25886.0,25877.95,215.08,220.07,65,324.35,31623.1
89,2025-11-26 09:15,2025-11-26 10:15,CE,26000,26084.5,26095.5,210.09,216.87,65,440.7,32063.8
90,2025-11-26 10:15,2025-11-26 11:15,CE,26000,26116.5,26126.2,230.14,236.42,65,408.2,32472.0
91,2025-11-26 13:15,2025-11-26 14:15,CE,26100,26197.35,26179.8,218.63,207.84,65,-701.35,31770.65
92,2025-11-27 09:15,2025-11-27 10:15,CE,26200,26283.0,26275.05,210.4,205.59,65,-312.65,31458.0
93,2025-11-28 09:15,2025-11-28 10:15,CE,26100,26240.4,26245.2,246.36,249.56,65,208.0,31666.0
94,2025-12-01 09:15,2025-12-01 10:15,CE,26200,26284.95,26254.55,211.58,193.49,65,-1175.85,30490.15
95,2025-12-01 10:15,2025-12-01 11:15,PE,26300,26242.4,26203.9,183.77,205.94,65,1441.05,31931.2
96,2025-12-01 11:15,2025-12-01 12:15,PE,26300,26175.65,26184.85,223.16,217.47,65,-369.85,31561.35
97,2025-12-01 13:15,2025-12-01 14:15,CE,26100,26213.85,26182.6,229.04,209.54,65,-1267.5,30293.85
98,2025-12-02 09:15,2025-12-02 10:15,PE,26200,26058.7,26082.1,233.33,218.6,65,-957.45,29336.4
99,2025-12-02 12:15,2025-12-02 14:15,PE,26100,26035.8,26034.1,186.31,187.27,65,62.4,29398.8
100,2025-12-03 09:15,2025-12-03 10:15,PE,26000,25928.1,25932.1,190.11,187.83,65,-148.2,29250.6
101,2025-12-03 11:15,2025-12-03 12:15,CE,25900,25954.2,25931.85,191.43,178.72,65,-826.15,28424.45
102,2025-12-03 14:15,2025-12-04 09:15,CE,25900,25992.75,26009.85,214.56,225.29,65,697.45,29121.9
103,2025-12-04 09:15,2025-12-04 10:15,CE,25900,26041.9,26062.8,246.18,260.34,65,920.4,30042.3
104,2025-12-04 14:15,2025-12-04 15:15,CE,25900,26038.6,26005.9,243.99,222.79,65,-1378.0,28664.3
105,2025-12-05 09:15,2025-12-05 10:15,CE,26000,26078.55,26111.35,206.48,226.85,65,1324.05,29988.35
106,2025-12-05 10:15,2025-12-05 12:15,CE,26000,26143.5,26167.55,247.84,264.18,65,1062.1,31050.45
107,2025-12-08 09:15,2025-12-08 10:15,PE,26200,26096.5,26086.9,209.81,215.65,65,379.6,31430.05
108,2025-12-08 13:15,2025-12-08 14:15,PE,26000,25914.4,25927.4,198.04,190.51,65,-489.45,30940.6
109,2025-12-09 09:15,2025-12-09 10:15,PE,25900,25784.05,25813.85,215.73,197.79,65,-1166.1,29774.5
110,2025-12-09 11:15,2025-12-09 12:15,CE,25800,25893.05,25888.15,214.14,211.11,65,-196.95,29577.55
111,2025-12-09 14:15,2025-12-10 09:15,PE,25900,25837.65,25866.8,184.12,168.18,65,-1036.1,28541.45
112,2025-12-10 09:15,2025-12-10 10:15,CE,25800,25919.85,25912.65,231.11,226.48,65,-300.95,28240.5
113,2025-12-10 12:15,2025-12-10 13:15,PE,25900,25801.85,25785.55,204.9,214.8,65,643.5,28884.0
114,2025-12-10 13:15,2025-12-10 14:15,PE,25900,25758.5,25769.9,231.82,224.56,65,-471.9,28412.1
115,2025-12-11 09:15,2025-12-11 10:15,CE,25700,25807.55,25809.45,222.63,223.84,65,78.65,28490.75
116,2025-12-11 11:15,2025-12-11 12:15,CE,25800,25876.6,25883.1,204.07,208.02,65,256.75,28747.5
117,2025-12-12 09:15,2025-12-12 10:15,CE,25900,25988.5,25973.25,211.93,202.67,65,-601.9,28145.6
118,2025-12-15 09:15,2025-12-15 10:15,PE,26100,25961.35,25981.95,231.09,218.14,65,-841.75,27303.85
119,2025-12-15 11:15,2025-12-15 12:15,CE,25900,26018.55,26009.6,230.86,225.13,65,-372.45,26931.4
120,2025-12-16 09:15,2025-12-16 11:15,PE,26000,25892.85,25905.5,210.9,203.29,65,-494.65,26436.75
121,2025-12-16 14:15,2025-12-17 09:15,PE,26000,25856.05,25858.95,233.94,232.08,65,-120.9,26315.85
122,2025-12-17 11:15,2025-12-17 13:15,PE,25900,25796.4,25814.7,208.18,197.29,65,-707.85,25608.0
123,2025-12-18 09:15,2025-12-18 10:15,PE,25900,25791.15,25820.65,211.37,193.82,65,-1140.75,24467.25
124,2025-12-18 10:15,2025-12-18 11:15,CE,25700,25831.7,25847.65,238.25,248.87,65,690.3,25157.55
125,2025-12-19 09:15,2025-12-19 10:15,CE,25800,25935.6,25943.7,241.41,246.8,65,350.35,25507.9
126,2025-12-22 09:15,2025-12-22 12:15,CE,26000,26129.25,26118.65,238.41,231.53,65,-447.2,25060.7
127,2025-12-23 09:15,2025-12-23 11:15,CE,26100,26184.2,26161.95,210.52,197.19,65,-866.45,24194.25
128,2025-12-24 09:15,2025-12-24 10:15,CE,26100,26227.2,26201.3,237.66,221.1,65,-1076.4,23117.85
129,2025-12-26 09:15,2025-12-26 12:15,PE,26200,26091.45,26066.0,212.87,228.68,65,1027.65,24145.5
130,2025-12-30 13:15,2025-12-30 14:15,CE,25800,25943.6,25923.35,246.74,233.38,65,-868.4,23277.1
131,2025-12-31 09:15,2025-12-31 10:15,CE,25900,25997.0,26022.5,217.2,233.42,65,1054.3,24331.4
132,2025-12-31 11:15,2025-12-31 12:15,CE,26000,26089.55,26121.1,213.19,233.11,65,1294.8,25626.2
133,2025-12-31 12:15,2025-12-31 13:15,CE,26100,26155.35,26144.25,193.34,186.95,65,-415.35,25210.85
134,2025-12-31 13:15,2025-12-31 14:15,CE,26100,26167.0,26152.0,200.17,191.4,65,-570.05,24640.8
135,2025-12-31 14:15,2026-01-01 09:15,PE,26200,26122.95,26156.55,194.21,175.42,65,-1221.35,23419.45
136,2026-01-01 09:15,2026-01-01 10:15,CE,26100,26151.15,26150.6,190.91,190.59,65,-20.8,23398.65
137,2026-01-01 13:15,2026-01-01 14:15,CE,26100,26168.0,26143.0,200.77,186.24,65,-944.45,22454.2
138,2026-01-02 09:15,2026-01-02 11:15,CE,26200,26254.65,26262.1,193.55,197.9,65,282.75,22736.95
139,2026-01-02 14:15,2026-01-05 09:15,CE,26200,26324.75,26315.4,236.66,230.63,65,-391.95,22345.0
140,2026-01-05 09:15,2026-01-05 10:15,CE,26200,26339.15,26337.85,246.11,245.25,65,-55.9,22289.1
141,2026-01-05 11:15,2026-01-05 12:15,PE,26400,26333.2,26342.8,189.5,184.12,65,-349.7,21939.4
142,2026-01-05 13:15,2026-01-05 14:15,PE,26300,26226.75,26245.8,192.6,181.88,65,-696.8,21242.6
143,2026-01-06 11:15,2026-01-06 12:15,PE,26300,26167.65,26185.15,228.18,217.28,65,-708.5,20534.1
144,2026-01-07 09:15,2026-01-07 10:15,PE,26300,26167.25,26160.2,228.43,232.92,65,291.85,20825.95
145,2026-01-07 11:15,2026-01-07 12:15,PE,26200,26112.1,26112.5,200.52,200.29,65,-14.95,20811.0
146,2026-01-07 14:15,2026-01-08 09:15,CE,26100,26151.8,26118.6,191.28,172.68,65,-1209.0,19602.0
147,2026-01-08 09:15,2026-01-08 10:15,PE,26200,26061.15,26036.0,231.76,248.13,65,1064.05,20666.05
148,2026-01-08 11:15,2026-01-08 12:15,PE,26000,25933.75,25935.75,186.89,185.76,65,-73.45,20592.6
149,2026-01-08 14:15,2026-01-09 09:15,PE,26000,25878.05,25853.35,220.0,235.69,65,1019.85,21612.45
150,2026-01-09 09:15,2026-01-09 10:15,PE,26000,25856.6,25834.0,233.59,248.39,65,962.0,22574.45
151,2026-01-09 10:15,2026-01-09 11:15,PE,25900,25799.0,25769.95,206.62,224.53,65,1164.15,23738.6
152,2026-01-09 11:15,2026-01-09 12:15,PE,25800,25739.35,25700.25,182.59,205.3,65,1476.15,25214.75
153,2026-01-09 12:15,2026-01-09 13:15,PE,25800,25691.05,25694.6,210.87,208.71,65,-140.4,25074.35
154,2026-01-09 13:15,2026-01-09 14:15,PE,25800,25660.15,25658.5,230.22,231.28,65,68.9,25143.25
155,2026-01-12 09:15,2026-01-12 10:15,PE,25700,25556.9,25564.55,231.77,226.86,65,-319.15,24824.1
156,2026-01-12 12:15,2026-01-12 13:15,CE,25600,25722.3,25722.0,231.51,231.31,65,-13.0,24811.1
157,2026-01-12 14:15,2026-01-13 09:15,CE,25700,25778.5,25854.0,204.61,253.17,65,3156.4,27967.5
158,2026-01-13 09:15,2026-01-13 10:15,PE,25800,25738.1,25761.1,183.29,170.64,65,-822.25,27145.25
159,2026-01-13 14:15,2026-01-13 15:15,CE,25600,25737.4,25714.65,241.43,226.56,65,-966.55,26178.7
160,2026-01-14 09:15,2026-01-14 10:15,PE,25800,25696.8,25696.35,207.38,207.65,65,17.55,26196.25
161,2026-01-14 13:15,2026-01-14 14:15,PE,25800,25663.2,25639.1,228.27,243.94,65,1018.55,27214.8
162,2026-01-16 09:15,2026-01-16 10:15,CE,25700,25783.65,25837.85,207.74,242.32,65,2247.7,29462.5
163,2026-01-16 10:15,2026-01-16 11:15,CE,25700,25812.45,25795.65,225.75,215.15,65,-689.0,28773.5
164,2026-01-16 12:15,2026-01-16 13:15,PE,25800,25716.55,25697.8,195.64,206.78,65,724.1,29497.6
165,2026-01-19 09:15,2026-01-19 10:15,PE,25600,25527.9,25529.95,187.93,186.76,65,-76.05,29421.55
166,2026-01-19 13:15,2026-01-19 14:15,CE,25500,25590.3,25601.3,210.61,217.48,65,446.55,29868.1
167,2026-01-20 09:15,2026-01-20 10:15,PE,25600,25468.7,25481.25,223.67,215.8,65,-511.55,29356.55
168,2026-01-20 13:15,2026-01-20 14:15,PE,25500,25360.75,25251.25,228.2,304.34,65,4949.1,34305.65
169,2026-01-20 14:15,2026-01-20 15:15,PE,25300,25217.05,25208.8,192.5,197.37,65,316.55,34622.2
170,2026-01-21 09:15,2026-01-21 10:15,PE,25300,25153.25,24955.2,231.97,378.96,65,9554.35,44176.55
171,2026-01-21 10:15,2026-01-21 11:15,PE,25200,25054.75,25059.45,230.46,227.41,65,-198.25,43978.3
172,2026-01-21 12:15,2026-01-21 13:15,CE,25100,25237.45,25207.4,238.53,218.93,65,-1274.0,42704.3
173,2026-01-22 09:15,2026-01-22 10:15,CE,25300,25376.0,25353.55,200.65,187.35,65,-864.5,41839.8
174,2026-01-22 10:15,2026-01-22 11:15,PE,25300,25215.75,25212.85,193.26,194.97,65,111.15,41950.95
175,2026-01-22 14:15,2026-01-22 15:15,CE,25200,25288.55,25297.35,207.71,213.18,65,355.55,42306.5
176,2026-01-23 13:15,2026-01-23 14:15,PE,25200,25063.4,25063.85,224.87,224.58,65,-18.85,42287.65
177,2026-01-27 09:15,2026-01-27 10:15,CE,25000,25128.45,25149.0,231.98,245.73,65,893.75,43181.4
178,2026-01-27 13:15,2026-01-27 14:15,PE,25100,25034.55,25042.85,181.27,176.6,65,-303.55,42877.85
179,2026-01-27 14:15,2026-01-27 15:15,CE,25100,25170.4,25211.1,196.06,221.3,65,1640.6,44518.45
180,2026-01-28 09:15,2026-01-28 10:15,CE,25100,25248.1,25295.6,245.7,278.95,65,2161.25,46679.7
181,2026-01-28 14:15,2026-01-29 09:15,CE,25200,25329.65,25323.4,233.95,229.85,65,-266.5,46413.2
182,2026-01-29 09:15,2026-01-29 10:15,PE,25300,25211.65,25202.65,195.68,201.04,65,348.4,46761.6
183,2026-01-30 09:15,2026-01-30 10:15,PE,25400,25314.3,25282.1,194.68,214.16,65,1266.2,48027.8
184,2026-01-30 13:15,2026-01-30 14:15,CE,25300,25352.45,25333.8,186.71,176.09,65,-690.3,47337.5
185,2026-02-03 09:15,2026-02-03 10:15,CE,25600,25671.0,25786.65,199.48,275.31,65,4928.95,52266.45
186,2026-02-04 09:15,2026-02-04 10:15,CE,25700,25782.3,25752.05,206.92,188.95,65,-1168.05,51098.4
187,2026-02-05 09:15,2026-02-05 10:15,PE,25800,25672.75,25646.95,222.22,238.78,65,1076.4,52174.8
188,2026-02-06 09:15,2026-02-06 10:15,PE,25600,25515.8,25527.15,194.94,188.36,65,-427.7,51747.1
189,2026-02-06 11:15,2026-02-06 12:15,CE,25500,25611.05,25579.35,223.66,203.9,65,-1284.4,50462.7
190,2026-02-06 12:15,2026-02-06 13:15,PE,25700,25561.45,25584.1,228.84,214.59,65,-926.25,49536.45
191,2026-02-09 09:15,2026-02-09 10:15,CE,25700,25801.6,25835.05,218.87,240.46,65,1403.35,50939.8
192,2026-02-10 09:15,2026-02-10 10:15,CE,25800,25944.35,25943.55,247.24,246.7,65,-35.1,50904.7
193,2026-02-10 13:15,2026-02-10 14:15,PE,26000,25918.7,25938.85,195.53,184.02,65,-748.15,50156.55
194,2026-02-11 12:15,2026-02-11 13:15,PE,26000,25923.75,25955.1,192.6,175.05,65,-1140.75,49015.8
195,2026-02-12 09:15,2026-02-12 10:15,PE,26000,25880.85,25878.15,218.26,219.94,65,109.2,49125.0
196,2026-02-12 13:15,2026-02-12 14:15,PE,25900,25817.55,25787.4,195.63,213.67,65,1172.6,50297.6
197,2026-02-13 09:15,2026-02-13 10:15,PE,25600,25531.75,25548.55,185.73,176.32,65,-611.65,49685.95
198,2026-02-16 09:15,2026-02-16 10:15,CE,25500,25551.45,25526.15,187.37,173.08,65,-928.85,48757.1
199,2026-02-16 14:15,2026-02-17 09:15,CE,25600,25686.75,25657.75,209.03,191.65,65,-1129.7,47627.4
200,2026-02-17 13:15,2026-02-17 14:15,PE,25800,25670.95,25697.6,223.35,206.9,65,-1069.25,46558.15
201,2026-02-18 09:15,2026-02-18 10:15,PE,25800,25661.95,25680.9,229.07,217.12,65,-776.75,45781.4
202,2026-02-19 09:15,2026-02-19 10:15,PE,25900,25756.45,25743.75,233.14,241.41,65,537.55,46318.95
203,2026-02-19 11:15,2026-02-19 12:15,PE,25700,25603.5,25603.2,202.79,202.97,65,11.7,46330.65
204,2026-02-19 14:15,2026-02-19 15:15,PE,25500,25447.6,25425.5,176.27,188.74,65,810.55,47141.2
205,2026-02-20 09:15,2026-02-20 10:15,CE,25400,25480.45,25571.0,203.96,263.16,65,3848.0,50989.2
206,2026-02-20 10:15,2026-02-20 11:15,CE,25500,25561.85,25585.05,193.44,207.38,65,906.1,51895.3
207,2026-02-20 12:15,2026-02-20 13:15,PE,25700,25554.6,25567.0,233.26,225.3,65,-517.4,51377.9
208,2026-02-23 09:15,2026-02-23 10:15,CE,25600,25717.85,25698.7,228.62,216.45,65,-791.05,50586.85
209,2026-02-23 14:15,2026-02-24 09:15,CE,25600,25710.75,25687.5,224.07,209.49,65,-947.7,49639.15
210,2026-02-25 12:15,2026-02-25 13:15,PE,25600,25462.6,25463.4,227.56,227.05,65,-33.15,49606.0
211,2026-02-26 09:15,2026-02-26 10:15,CE,25500,25558.25,25527.0,191.33,173.55,65,-1155.7,48450.3
212,2026-02-26 11:15,2026-02-26 12:15,PE,25600,25459.3,25436.6,229.68,244.54,65,965.9,49416.2
213,2026-02-26 14:15,2026-02-27 09:15,CE,25400,25486.15,25468.25,207.45,196.62,65,-703.95,48712.25
214,2026-02-27 09:15,2026-02-27 10:15,PE,25400,25322.6,25327.65,189.84,186.93,65,-189.15,48523.1
215,2026-02-27 13:15,2026-02-27 14:15,CE,25200,25324.55,25293.9,230.6,211.03,65,-1272.05,47251.05
216,2026-02-27 14:15,2026-03-02 09:15,PE,25300,25167.9,24757.0,222.54,553.74,65,21528.0,68779.05
217,2026-03-02 09:15,2026-03-02 10:15,PE,25000,24884.85,24847.25,210.23,234.29,65,1563.9,70342.95
218,2026-03-02 13:15,2026-03-02 14:15,CE,24700,24787.4,24869.8,203.96,258.37,65,3536.65,73879.6
219,2026-03-02 14:15,2026-03-02 15:15,CE,24800,24904.8,24879.85,215.48,199.94,65,-1010.1,72869.5
220,2026-03-04 09:15,2026-03-04 10:15,PE,24500,24413.65,24410.7,189.96,191.71,65,113.75,72983.25
221,2026-03-04 13:15,2026-03-04 14:15,CE,24500,24554.95,24567.0,183.23,190.35,65,462.8,73446.05
222,2026-03-05 09:15,2026-03-05 10:15,CE,24500,24596.25,24637.5,208.27,235.06,65,1741.35,75187.4
223,2026-03-05 14:15,2026-03-05 15:15,CE,24600,24714.8,24724.4,220.7,226.96,65,406.9,75594.3
224,2026-03-06 14:15,2026-03-06 15:15,PE,24500,24441.65,24451.65,173.81,168.25,65,-361.4,75232.9
225,2026-03-09 09:15,2026-03-09 10:15,PE,23900,23807.25,23779.85,190.39,207.28,65,1097.85,76330.75
226,2026-03-09 14:15,2026-03-09 15:15,CE,23900,24047.8,24021.15,238.57,220.69,65,-1162.2,75168.55
227,2026-03-10 09:15,2026-03-10 10:15,CE,24100,24151.05,24198.2,178.49,207.09,65,1859.0,77027.55
228,2026-03-11 09:15,2026-03-11 10:15,PE,24200,24116.5,24084.4,186.58,206.08,65,1267.5,78295.05
229,2026-03-12 09:15,2026-03-12 10:15,PE,23700,23610.15,23624.9,187.52,178.81,65,-566.15,77728.9
230,2026-03-12 10:15,2026-03-12 11:15,CE,23600,23741.05,23721.65,232.24,219.25,65,-844.35,76884.55
231,2026-03-12 14:15,2026-03-13 09:15,PE,23700,23633.9,23346.85,173.61,380.16,65,13425.75,90310.3
232,2026-03-13 09:15,2026-03-13 10:15,PE,23400,23329.8,23341.5,174.25,167.57,65,-434.2,89876.1
233,2026-03-16 10:15,2026-03-16 11:15,PE,23200,23092.35,23125.7,195.59,175.49,65,-1306.5,88569.6
234,2026-03-16 11:15,2026-03-16 12:15,CE,23100,23162.85,23161.45,179.28,178.44,65,-54.6,88515.0
235,2026-03-16 14:15,2026-03-16 15:15,CE,23300,23435.25,23401.05,226.57,204.1,65,-1460.55,87054.45
236,2026-03-17 09:15,2026-03-17 10:15,CE,23400,23526.0,23541.55,220.95,231.42,65,680.55,87735.0
237,2026-03-17 11:15,2026-03-17 12:15,PE,23500,23435.3,23415.35,171.66,183.29,65,755.95,88490.95
238,2026-03-17 12:15,2026-03-17 13:15,CE,23400,23531.6,23573.9,224.69,253.99,65,1904.5,90395.45
239,2026-03-18 09:15,2026-03-18 10:15,CE,23600,23664.3,23755.75,183.21,242.33,65,3842.8,94238.25
240,2026-03-19 09:15,2026-03-19 10:15,PE,23300,23236.65,23239.05,169.75,168.38,65,-89.05,94149.2
241,2026-03-19 13:15,2026-03-19 14:15,PE,23200,23111.3,22966.95,184.01,281.94,65,6365.45,100514.65
242,2026-03-19 14:15,2026-03-19 15:15,PE,23100,22987.25,23012.65,198.22,182.64,65,-1012.7,99501.95
243,2026-03-20 09:15,2026-03-20 10:15,CE,23100,23243.65,23282.9,231.13,258.82,65,1799.85,101301.8
244,2026-03-20 14:15,2026-03-20 15:15,PE,23200,23106.85,23113.7,186.69,182.58,65,-267.15,101034.65
245,2026-03-23 09:15,2026-03-23 10:15,PE,22700,22572.3,22540.0,205.56,227.03,65,1395.55,102430.2
246,2026-03-23 13:15,2026-03-23 14:15,CE,22500,22618.7,22621.45,210.83,212.65,65,118.3,102548.5
247,2026-03-24 09:15,2026-03-24 10:15,CE,22600,22708.1,22731.8,204.46,220.18,65,1021.8,103570.3
248,2026-03-24 12:15,2026-03-24 13:15,CE,22900,22990.5,23022.1,195.0,215.43,65,1327.95,104898.25
249,2026-03-24 14:15,2026-03-24 15:15,PE,23000,22898.65,22916.3,190.58,179.9,65,-694.2,104204.05
250,2026-03-25 09:15,2026-03-25 10:15,CE,23200,23305.55,23398.55,206.38,270.81,65,4187.95,108392.0
251,2026-03-30 09:15,2026-03-30 10:15,PE,22700,22596.75,22489.0,190.08,263.2,65,4752.8,113144.8
252,2026-03-30 14:15,2026-03-30 15:15,PE,22400,22335.6,22360.15,165.19,151.45,65,-893.1,112251.7
253,2026-04-01 09:15,2026-04-01 10:15,CE,22800,22868.85,22844.45,181.04,166.63,65,-936.65,111315.05
254,2026-04-01 10:15,2026-04-01 11:15,PE,22900,22763.75,22771.95,212.2,206.87,65,-346.45,110968.6
255,2026-04-01 13:15,2026-04-01 14:15,PE,22900,22753.0,22654.05,219.31,290.38,65,4619.55,115588.15
256,2026-04-02 09:15,2026-04-02 10:15,PE,22300,22234.35,22223.95,165.34,171.4,65,393.9,115982.05
257,2026-04-02 12:15,2026-04-02 13:15,CE,22300,22369.85,22593.25,178.59,340.81,65,10544.3,126526.35
258,2026-04-02 13:15,2026-04-02 14:15,CE,22500,22627.25,22726.45,216.53,288.25,65,4661.8,131188.15
259,2026-04-02 14:15,2026-04-02 15:15,CE,22700,22760.4,22746.95,175.36,167.46,65,-513.5,130674.65
260,2026-04-06 09:15,2026-04-06 10:15,PE,22800,22654.85,22578.4,217.54,271.51,65,3508.05,134182.7
261,2026-04-06 12:15,2026-04-06 13:15,CE,22800,22860.7,22878.35,176.15,186.84,65,694.85,134877.55
262,2026-04-07 09:15,2026-04-07 10:15,PE,23000,22920.0,22862.75,177.7,213.39,65,2319.85,137197.4
263,2026-04-07 13:15,2026-04-07 14:15,CE,22900,23011.95,23098.25,208.75,268.99,65,3915.6,141113.0
264,2026-04-07 14:15,2026-04-07 15:15,CE,23000,23109.25,23116.85,207.59,212.55,65,322.4,141435.4
265,2026-04-08 09:15,2026-04-08 10:15,CE,23800,23880.15,23969.2,194.03,252.88,65,3825.25,145260.65
266,2026-04-09 09:15,2026-04-09 10:15,PE,23900,23839.0,23838.65,171.86,172.05,65,12.35,145273.0
267,2026-04-10 09:15,2026-04-10 10:15,CE,23900,23994.4,24000.6,203.49,207.41,65,254.8,145527.8
268,2026-04-10 14:15,2026-04-13 09:15,CE,24000,24057.5,24028.45,181.64,165.02,65,-1080.3,144447.5
269,2026-04-13 09:15,2026-04-13 10:15,PE,23800,23660.05,23669.05,219.46,213.62,65,-379.6,144067.9
270,2026-04-13 10:15,2026-04-13 11:15,CE,23600,23743.7,23781.1,234.04,260.26,65,1704.3,145772.2
271,2026-04-13 13:15,2026-04-13 14:15,CE,23800,23854.5,23862.45,178.65,183.34,65,304.85,146077.05
272,2026-04-15 09:15,2026-04-15 10:15,CE,24100,24241.65,24238.15,235.54,233.17,65,-154.05,145923.0
273,2026-04-16 09:15,2026-04-16 10:15,CE,24200,24307.6,24298.2,213.67,207.69,65,-388.7,145534.3
274,2026-04-16 11:15,2026-04-16 12:15,PE,24300,24184.8,24143.1,206.38,233.32,65,1751.1,147285.4
275,2026-04-17 09:15,2026-04-17 10:15,CE,24200,24272.95,24268.85,192.08,189.61,65,-160.55,147124.85
276,2026-04-21 09:15,2026-04-21 10:15,CE,24400,24513.15,24529.5,218.44,229.14,65,695.5,147820.35
277,2026-04-21 10:15,2026-04-21 11:15,CE,24500,24557.45,24533.25,184.69,170.81,65,-902.2,146918.15
278,2026-04-21 14:15,2026-04-22 09:15,CE,24500,24573.0,24565.85,193.95,189.66,65,-278.85,146639.3
279,2026-04-22 09:15,2026-04-22 10:15,PE,24500,24373.15,24388.7,214.82,205.07,65,-633.75,146005.55
280,2026-04-23 09:15,2026-04-23 10:15,PE,24400,24275.35,24220.2,212.88,249.4,65,2373.8,148379.35
281,2026-04-24 09:15,2026-04-24 10:15,PE,24100,23992.85,23945.05,200.28,230.96,65,1994.2,150373.55
282,2026-04-24 14:15,2026-04-27 09:15,CE,23800,23895.45,24072.35,203.55,330.66,65,8262.15,158635.7
283,2026-04-27 09:15,2026-04-27 10:15,CE,24000,24063.3,24068.15,185.07,187.97,65,188.5,158824.2
284,2026-04-28 09:15,2026-04-28 10:15,CE,24000,24148.3,24146.75,239.49,238.43,65,-68.9,158755.3
285,2026-04-28 11:15,2026-04-28 12:15,PE,24100,24048.25,24027.55,167.82,179.55,65,762.45,159517.75
286,2026-04-28 13:15,2026-04-28 14:15,PE,24100,23981.95,24003.65,207.06,193.69,65,-869.05,158648.7
287,2026-04-29 09:15,2026-04-29 10:15,CE,24100,24233.8,24263.85,230.25,250.81,65,1336.4,159985.1
288,2026-04-29 13:15,2026-04-29 14:15,PE,24300,24214.6,24203.65,188.27,194.81,65,425.1,160410.2
289,2026-04-30 09:15,2026-04-30 10:15,PE,23900,23828.6,23833.9,177.8,174.76,65,-197.6,160212.6
290,2026-04-30 12:15,2026-04-30 13:15,CE,23900,23950.15,24025.75,176.73,223.72,65,3054.35,163266.95
291,2026-04-30 13:15,2026-04-30 14:15,CE,23900,24022.85,24051.95,221.81,241.42,65,1274.65,164541.6
292,2026-05-04 09:15,2026-05-04 10:15,CE,24100,24175.2,24205.65,192.83,211.83,65,1235.0,165776.6
293,2026-05-04 11:15,2026-05-04 12:15,PE,24200,24117.0,24118.6,186.28,185.34,65,-61.1,165715.5
294,2026-05-05 09:15,2026-05-05 10:15,PE,24100,23986.0,23950.25,204.53,227.51,65,1493.7,167209.2
295,2026-05-05 12:15,2026-05-05 13:15,CE,24000,24068.8,24045.95,188.36,174.92,65,-873.6,166335.6
296,2026-05-06 09:15,2026-05-06 10:15,CE,24000,24137.3,24120.4,232.02,220.79,65,-729.95,165605.65
297,2026-05-06 14:15,2026-05-07 09:15,CE,24200,24321.35,24383.9,222.59,265.58,65,2794.35,168400.0
298,2026-05-07 12:15,2026-05-07 13:15,CE,24300,24389.7,24364.5,202.96,187.63,65,-996.45,167403.55
299,2026-05-08 09:15,2026-05-08 10:15,PE,24300,24211.3,24216.25,190.22,187.29,65,-190.45,167213.1
300,2026-05-11 09:15,2026-05-11 10:15,PE,24000,23893.4,23880.45,199.38,207.45,65,524.55,167737.65
301,2026-05-11 14:15,2026-05-12 09:15,PE,23900,23805.75,23649.0,191.29,298.71,65,6982.3,174719.95
302,2026-05-12 09:15,2026-05-12 10:15,PE,23800,23651.4,23613.7,225.15,250.86,65,1671.15,176391.1
303,2026-05-12 10:15,2026-05-12 11:15,PE,23700,23589.35,23586.6,200.22,201.94,65,111.8,176502.9
304,2026-05-12 12:15,2026-05-12 13:15,PE,23600,23536.8,23483.0,171.38,203.65,65,2097.55,178600.45
305,2026-05-12 13:15,2026-05-12 14:15,PE,23600,23457.5,23384.1,220.06,271.09,65,3316.95,181917.4
306,2026-05-12 14:15,2026-05-12 15:15,PE,23500,23354.8,23389.8,221.3,198.83,65,-1460.55,180456.85
307,2026-05-13 12:15,2026-05-13 13:15,CE,23400,23538.5,23505.5,229.35,207.55,65,-1417.0,179039.85
308,2026-05-13 14:15,2026-05-13 15:15,PE,23500,23425.7,23429.35,177.2,175.08,65,-137.8,178902.05
309,2026-05-14 09:15,2026-05-14 10:15,CE,23400,23495.8,23502.5,201.36,205.62,65,276.9,179178.95
310,2026-05-14 11:15,2026-05-14 12:15,CE,23600,23667.4,23712.15,185.07,213.03,65,1817.4,180996.35
311,2026-05-15 09:15,2026-05-15 10:15,CE,23700,23800.1,23803.95,205.89,208.34,65,159.25,181155.6
312,2026-05-18 09:15,2026-05-18 10:15,PE,23500,23362.4,23388.9,216.31,199.4,65,-1099.15,180056.45
313,2026-05-18 12:15,2026-05-18 13:15,CE,23500,23615.9,23624.4,214.88,220.48,65,364.0,180420.45
314,2026-05-19 09:15,2026-05-19 10:15,CE,23700,23754.25,23747.2,177.89,173.79,65,-266.5,180153.95
315,2026-05-19 14:15,2026-05-19 15:15,PE,23700,23624.55,23622.25,179.01,180.35,65,87.1,180241.05
316,2026-05-20 09:15,2026-05-20 10:15,PE,23600,23500.2,23510.65,192.98,186.66,65,-410.8,179830.25
317,2026-05-20 10:15,2026-05-20 11:15,CE,23500,23562.4,23605.0,181.47,207.82,65,1712.75,181543.0
318,2026-05-20 13:15,2026-05-20 14:15,CE,23600,23651.85,23655.75,175.87,178.15,65,148.2,181691.2
319,2026-05-21 09:15,2026-05-21 10:15,CE,23700,23767.5,23755.55,185.74,178.65,65,-460.85,181230.35
320,2026-05-22 11:15,2026-05-22 12:15,CE,23700,23798.6,23800.6,204.94,206.21,65,82.55,181312.9
321,2026-05-26 09:15,2026-05-26 10:15,CE,24000,24063.0,24054.55,184.89,179.91,65,-323.7,180989.2
322,2026-05-26 12:15,2026-05-26 13:15,PE,24100,23974.35,23945.1,211.87,230.93,65,1238.9,182228.1
323,2026-05-26 13:15,2026-05-26 14:15,PE,24000,23924.2,23920.45,180.93,183.12,65,142.35,182370.45
324,2026-05-26 14:15,2026-05-27 09:15,PE,24000,23908.8,23903.8,190.02,193.03,65,195.65,182566.1
325,2026-05-27 09:15,2026-05-27 10:15,CE,23800,23943.25,23941.35,234.89,233.6,65,-83.85,182482.25
326,2026-05-27 10:15,2026-05-27 11:15,CE,23900,23961.95,23948.0,183.65,175.48,65,-531.05,181951.2
327,2026-05-29 09:15,2026-05-29 10:15,CE,23800,23945.7,23916.9,236.56,217.31,65,-1251.25,180699.95
328,2026-05-29 11:15,2026-05-29 12:15,PE,23900,23835.7,23804.25,173.73,192.2,65,1200.55,181900.5
329,2026-05-29 12:15,2026-05-29 13:15,PE,23900,23769.25,23766.5,214.04,215.81,65,115.05,182015.55
330,2026-05-29 14:15,2026-05-29 15:15,PE,23600,23528.7,23521.6,176.03,180.17,65,269.1,182284.65
331,2026-06-01 13:15,2026-06-01 14:15,PE,23500,23416.95,23393.15,182.34,196.75,65,936.65,183221.3
332,2026-06-02 09:15,2026-06-02 10:15,PE,23400,23281.45,23300.65,203.52,191.58,65,-776.1,182445.2
333,2026-06-02 12:15,2026-06-02 13:15,CE,23400,23473.75,23511.65,187.68,211.52,65,1549.6,183994.8
334,2026-06-03 09:15,2026-06-03 10:15,PE,23300,23240.5,23229.8,167.56,173.68,65,397.8,184392.6
335,2026-06-03 12:15,2026-06-03 13:15,CE,23200,23298.35,23392.05,201.77,266.03,65,4176.9,188569.5
336,2026-06-03 13:15,2026-06-03 14:15,CE,23300,23388.2,23424.35,195.98,219.27,65,1513.85,190083.35
337,2026-06-04 09:15,2026-06-04 10:15,CE,23300,23431.35,23414.8,223.94,212.98,65,-712.4,189370.95
338,2026-06-05 14:15,2026-06-08 09:15,CE,23300,23365.75,23351.5,182.24,173.81,65,-547.95,188823.0
339,2026-06-08 09:15,2026-06-08 10:15,PE,23300,23174.25,23198.25,207.56,192.5,65,-978.9,187844.1
340,2026-06-08 14:15,2026-06-08 15:15,PE,23200,23134.45,23124.9,170.43,175.96,65,359.45,188203.55
341,2026-06-09 11:15,2026-06-09 12:15,CE,23100,23186.8,23191.65,193.9,196.93,65,196.95,188400.5
342,2026-06-09 14:15,2026-06-09 15:15,CE,23100,23244.8,23226.05,231.92,219.23,65,-824.85,187575.65
343,2026-06-10 09:15,2026-06-10 10:15,CE,23200,23317.0,23353.85,213.83,238.74,65,1619.15,189194.8
344,2026-06-10 14:15,2026-06-11 09:15,PE,23300,23199.7,23107.4,191.61,252.81,65,3978.0,193172.8
345,2026-06-11 09:15,2026-06-11 10:15,PE,23200,23145.5,23179.7,164.17,145.68,65,-1201.85,191970.95
346,2026-06-11 14:15,2026-06-11 15:15,PE,23300,23165.8,23191.4,213.02,196.73,65,-1058.85,190912.1
347,2026-06-12 09:15,2026-06-12 10:15,CE,23200,23342.65,23343.35,231.02,231.5,65,31.2,190943.3
348,2026-06-12 13:15,2026-06-12 14:15,CE,23400,23527.5,23610.2,221.95,280.54,65,3808.35,194751.65
349,2026-06-12 14:15,2026-06-15 09:15,CE,23500,23621.8,23969.7,218.76,500.39,65,18305.95,213057.6
350,2026-06-15 14:15,2026-06-16 09:15,PE,23900,23844.4,23877.85,168.82,150.72,65,-1176.5,211881.1
351,2026-06-17 09:15,2026-06-17 10:15,CE,23900,24047.7,24061.75,238.5,248.21,65,631.15,212512.25
352,2026-06-17 14:15,2026-06-18 09:15,CE,24000,24083.2,24104.4,197.12,210.43,65,865.15,213377.4
353,2026-06-18 09:15,2026-06-18 10:15,CE,24000,24125.6,24095.8,224.21,204.97,65,-1250.6,212126.8
354,2026-06-18 14:15,2026-06-19 09:15,CE,24100,24177.45,24153.95,194.2,180.18,65,-911.3,211215.5
355,2026-06-19 09:15,2026-06-19 10:15,PE,24100,24009.95,23972.45,189.9,213.08,65,1506.7,212722.2
356,2026-06-19 12:15,2026-06-19 13:15,PE,24000,23930.2,23949.85,177.45,166.36,65,-720.85,212001.35
357,2026-06-19 13:15,2026-06-19 14:15,CE,23900,23991.45,24007.4,201.64,211.75,65,657.15,212658.5
358,2026-06-19 14:15,2026-06-19 15:15,CE,23900,24025.9,24011.5,223.82,214.4,65,-612.3,212046.2
359,2026-06-22 09:15,2026-06-22 11:15,CE,24000,24149.65,24133.0,240.41,229.13,65,-733.2,211313.0
360,2026-06-23 09:15,2026-06-23 10:15,CE,24000,24124.05,24095.1,223.19,204.53,65,-1212.9,210100.1
361,2026-06-23 11:15,2026-06-23 12:15,PE,24100,23965.0,23943.9,217.86,231.73,65,901.55,211001.65
362,2026-06-23 14:15,2026-06-23 15:15,PE,23900,23827.7,23820.25,178.32,182.66,65,282.1,211283.75
363,2026-06-24 09:15,2026-06-24 10:15,CE,23800,23917.85,23956.2,217.93,243.78,65,1680.25,212964.0
364,2026-06-24 13:15,2026-06-24 14:15,CE,24000,24056.65,24033.75,181.14,167.98,65,-855.4,212108.6
365,2026-06-25 09:15,2026-06-25 11:15,CE,24100,24184.1,24226.1,198.28,225.13,65,1745.25,213853.85
366,2026-06-25 11:15,2026-06-25 12:15,CE,24100,24243.65,24216.5,236.89,218.83,65,-1173.9,212679.95
367,2026-06-25 13:15,2026-06-25 14:15,PE,24200,24138.65,24077.2,173.78,210.61,65,2393.95,215073.9
368,2026-06-25 14:15,2026-06-29 09:15,PE,24200,24055.3,24040.75,224.71,234.37,65,627.9,215701.8
369,2026-06-29 11:15,2026-06-29 12:15,PE,24100,23993.7,23961.1,199.76,220.39,65,1340.95,217042.75
370,2026-06-29 12:15,2026-06-29 13:15,PE,24100,23962.7,23961.3,219.35,220.26,65,59.15,217101.9
371,2026-06-30 09:15,2026-06-30 10:15,PE,24000,23889.8,23906.3,201.61,191.52,65,-655.85,216446.05
372,2026-06-30 14:15,2026-06-30 15:15,PE,24000,23864.8,23899.15,217.45,195.86,65,-1403.35,215042.7
373,2026-07-01 09:15,2026-07-01 10:15,CE,23900,23987.1,23985.5,198.93,197.93,65,-65.0,214977.7
374,2026-07-02 09:15,2026-07-02 10:15,CE,24000,24075.55,24081.8,192.44,196.26,65,248.3,215226.0
375,2026-07-03 09:15,2026-07-03 10:15,CE,24200,24329.95,24319.0,228.27,221.05,65,-469.3,214756.7
376,2026-07-06 09:15,2026-07-06 10:15,CE,24300,24369.95,24392.9,190.89,204.96,65,914.55,215671.25
377,2026-07-07 09:15,2026-07-07 10:15,CE,24400,24483.25,24482.8,199.58,199.31,65,-17.55,215653.7
378,2026-07-07 10:15,2026-07-07 12:15,CE,24400,24512.5,24495.2,218.02,207.01,65,-715.65,214938.05
379,2026-07-07 12:15,2026-07-07 13:15,PE,24500,24436.45,24454.45,176.75,166.72,65,-651.95,214286.1
380,2026-07-07 14:15,2026-07-07 15:15,PE,24500,24397.85,24384.5,199.45,207.68,65,534.95,214821.05
381,2026-07-08 09:15,2026-07-08 10:15,PE,24300,24238.2,24254.25,174.61,165.67,65,-581.1,214239.95
382,2026-07-08 12:15,2026-07-08 13:15,PE,24300,24216.95,23913.15,186.88,410.91,65,14561.95,228801.9
383,2026-07-08 13:15,2026-07-08 14:15,PE,24000,23897.6,23842.25,196.8,232.31,65,2308.15,231110.05
384,2026-07-09 09:15,2026-07-09 10:15,CE,23900,24044.25,24098.35,236.14,274.43,65,2488.85,233598.9
385,2026-07-09 14:15,2026-07-09 15:15,PE,24000,23940.5,23973.75,171.58,153.45,65,-1178.45,232420.45
386,2026-07-13 09:15,2026-07-13 10:15,PE,24200,24112.95,24139.6,188.68,173.24,65,-1003.6,231416.85
387,2026-07-13 12:15,2026-07-13 13:15,CE,24100,24223.0,24188.0,223.09,200.7,65,-1455.35,229961.5
388,2026-07-14 09:15,2026-07-14 10:15,PE,24200,24085.15,24073.6,205.61,212.89,65,473.2,230434.7
389,2026-07-15 09:15,2026-07-15 10:15,CE,24100,24202.3,24185.05,209.69,198.87,65,-703.3,229731.4
390,2026-07-15 12:15,2026-07-15 13:15,PE,24200,24054.4,24079.85,225.31,208.93,65,-1064.7,228666.7
391,2026-07-16 09:15,2026-07-16 10:15,CE,24000,24126.45,24151.0,224.77,241.34,65,1077.05,229743.75
392,2026-07-16 13:15,2026-07-16 14:15,PE,24200,24091.55,24100.95,201.64,195.88,65,-374.4,229369.35
393,2026-07-17 09:15,2026-07-17 10:15,CE,24100,24239.35,24253.35,233.98,243.53,65,620.75,229990.1
394,2026-07-17 14:15,2026-07-20 09:15,CE,24200,24329.35,24317.65,227.87,220.17,65,-500.5,229489.6
395,2026-07-20 09:15,2026-07-20 11:15,PE,24300,24209.95,24209.25,191.03,191.45,65,27.3,229516.9
396,2026-07-20 12:15,2026-07-20 13:15,CE,24100,24225.0,24230.55,224.4,228.08,65,239.2,229756.1
397,2026-07-21 09:15,2026-07-21 10:15,PE,24300,24212.9,24198.9,189.27,197.69,65,547.3,230303.4
398,2026-07-22 09:15,2026-07-22 10:15,PE,24100,24033.45,24008.85,176.16,190.56,65,936.0,231239.4
399,2026-07-22 12:15,2026-07-22 13:15,PE,24100,23978.85,23999.6,209.01,196.14,65,-836.55,230402.85
400,2026-07-23 09:15,2026-07-23 10:15,PE,24100,23958.25,23978.8,222.25,209.04,65,-858.65,229544.2
401,2026-07-23 12:15,2026-07-23 13:15,PE,23900,23832.0,23847.0,175.84,167.36,65,-551.2,228993.0
402,2026-07-23 14:15,2026-07-24 09:15,CE,23800,23872.4,23854.9,189.31,178.88,65,-677.95,228315.05
403,2026-07-24 09:15,2026-07-24 10:15,PE,23700,23608.7,23641.45,188.39,169.32,65,-1239.55,227075.5
404,2026-07-24 11:15,2026-07-24 12:15,CE,23600,23702.85,23773.55,207.04,254.85,65,3107.65,230183.15
405,2026-07-24 12:15,2026-07-24 13:15,CE,23700,23783.85,23788.6,195.7,198.65,65,191.75,230374.9
406,2026-07-27 09:15,2026-07-27 10:15,CE,23800,23933.3,23904.3,228.17,209.17,65,-1235.0,229139.9
407,2026-07-27 13:15,2026-07-28 09:15,CE,23900,23995.9,24004.85,204.43,210.12,65,369.85,229509.75
408,2026-07-29 09:15,2026-07-29 12:15,CE,24100,24221.3,24226.35,221.97,225.3,65,216.45,229726.2
409,2026-07-29 12:15,2026-07-29 13:15,CE,24200,24257.55,24236.7,182.9,170.89,65,-780.65,228945.55
410,2026-07-30 14:15,2026-07-30 15:15,CE,24200,24318.25,24307.95,220.56,213.9,65,-432.9,228512.65
411,2026-07-31 09:15,2026-07-31 12:15,CE,24200,24346.05,24392.85,239.1,272.04,65,2141.1,230653.75
412,2026-08-03 09:15,2026-08-03 10:15,CE,24500,24579.2,24567.4,197.71,190.59,65,-462.8,230190.95
413,2026-08-04 11:15,2026-08-04 12:15,PE,24600,24511.3,24512.35,191.92,191.3,65,-40.3,230150.65
414,2026-08-04 13:15,2026-08-04 14:15,PE,24600,24462.35,24478.6,222.28,211.92,65,-673.4,229477.25
415,2026-08-05 09:15,2026-08-05 10:15,CE,24500,24620.9,24627.6,224.07,228.47,65,286.0,229763.25
416,2026-08-05 12:15,2026-08-05 13:15,PE,24600,24535.05,24533.7,178.12,178.88,65,49.4,229812.65
417,2026-08-05 14:15,2026-08-05 15:15,CE,24500,24572.25,24589.65,193.5,204.15,65,692.25,230504.9
418,2026-08-06 09:15,2026-08-06 10:15,CE,24500,24630.85,24620.6,230.63,223.88,65,-438.75,230066.15
419,2026-08-07 09:15,2026-08-07 10:15,PE,24700,24599.7,24587.25,199.45,207.08,65,495.95,230562.1
420,2026-08-07 13:15,2026-08-07 14:15,PE,24600,24526.85,24558.15,182.81,165.28,65,-1139.45,229422.65
421,2026-08-10 09:15,2026-08-10 10:15,PE,24600,24544.75,24579.75,172.65,153.81,65,-1224.6,228198.05
422,2026-08-10 14:15,2026-08-11 09:15,PE,24700,24560.05,24496.0,224.31,267.87,65,2831.4,231029.45
423,2026-08-11 09:15,2026-08-11 10:15,PE,24600,24473.0,24475.4,215.46,213.94,65,-98.8,230930.65
424,2026-08-12 09:15,2026-08-12 10:15,PE,24500,24365.3,24328.7,219.84,244.08,65,1575.6,232506.25
425,2026-08-12 10:15,2026-08-12 11:15,PE,24400,24302.4,24300.95,196.13,197.01,65,57.2,232563.45
426,2026-08-12 14:15,2026-08-12 15:15,CE,24300,24369.3,24400.95,190.5,210.03,65,1269.45,233832.9
427,2026-08-13 09:15,2026-08-13 10:15,PE,24400,24343.55,24346.45,172.17,170.55,65,-105.3,233727.6
428,2026-08-13 11:15,2026-08-13 12:15,CE,24300,24395.65,24368.55,206.69,190.05,65,-1081.6,232646.0
429,2026-08-14 09:15,2026-08-14 10:15,PE,24400,24345.45,24333.35,171.11,177.94,65,443.95,233089.95
430,2026-08-14 13:15,2026-08-17 09:15,CE,24300,24383.55,24354.2,199.16,181.56,65,-1144.0,231945.95
431,2026-08-17 09:15,2026-08-17 10:15,PE,24400,24281.5,24263.45,209.0,220.49,65,746.85,232692.8
432,2026-08-17 12:15,2026-08-17 14:15,CE,24200,24346.35,24324.9,239.31,224.93,65,-934.7,231758.1
433,2026-08-18 09:15,2026-08-18 10:15,PE,24300,24220.2,24222.65,184.97,183.54,65,-92.95,231665.15
434,2026-08-18 10:15,2026-08-18 11:15,PE,24300,24202.35,24209.5,195.6,191.3,65,-279.5,231385.65
435,2026-08-18 14:15,2026-08-19 09:15,PE,24300,24165.8,24100.5,218.43,262.68,65,2876.25,234261.9
436,2026-08-19 09:15,2026-08-19 10:15,PE,24200,24091.8,24063.2,201.48,219.57,65,1175.85,235437.75
437,2026-08-19 10:15,2026-08-19 11:15,PE,24100,24048.5,24077.65,167.68,151.99,65,-1019.85,234417.9
438,2026-08-20 09:15,2026-08-20 12:15,CE,24100,24221.85,24228.95,222.33,227.02,65,304.85,234722.75
439,2026-08-20 12:15,2026-08-20 14:15,CE,24100,24246.8,24217.15,239.04,219.25,65,-1286.35,233436.4
440,2026-08-20 14:15,2026-08-21 09:15,PE,24300,24212.35,24241.95,189.6,172.49,65,-1112.15,232324.25
441,2026-08-21 09:15,2026-08-21 10:15,CE,24100,24235.7,24232.65,231.52,229.48,65,-132.6,232191.65
442,2026-08-24 09:15,2026-08-24 10:15,CE,24200,24273.1,24252.7,192.17,180.06,65,-787.15,231404.5
443,2026-08-24 10:15,2026-08-24 11:15,PE,24300,24210.7,24208.85,190.58,191.69,65,72.15,231476.65
444,2026-08-24 11:15,2026-08-24 12:15,PE,24300,24194.05,24188.35,200.65,204.17,65,228.8,231705.45
445,2026-08-24 12:15,2026-08-24 14:15,PE,24300,24166.4,24179.45,218.04,209.74,65,-539.5,231165.95
446,2026-08-25 09:15,2026-08-25 10:15,PE,24200,24141.2,24150.55,172.34,167.13,65,-338.65,230827.3
447,2026-08-25 11:15,2026-08-25 12:15,CE,24100,24171.6,24146.0,190.66,175.57,65,-980.85,229846.45
448,2026-08-25 12:15,2026-08-25 13:15,PE,24200,24129.9,24157.25,178.77,163.45,65,-995.8,228850.65
449,2026-08-25 14:15,2026-08-25 15:15,CE,24200,24260.15,24299.55,184.43,208.54,65,1567.15,230417.8
450,2026-08-26 09:15,2026-08-26 10:15,CE,24200,24342.95,24313.3,236.99,217.35,65,-1276.6,229141.2
451,2026-08-26 11:15,2026-08-26 14:15,PE,24400,24280.75,24289.05,209.47,204.29,65,-336.7,228804.5
452,2026-08-27 09:15,2026-08-27 10:15,PE,24300,24183.55,24183.8,207.16,207.01,65,-9.75,228794.75
453,2026-08-27 13:15,2026-08-27 14:15,PE,24200,24131.75,24163.6,177.71,160.02,65,-1149.85,227644.9
454,2026-08-28 09:15,2026-08-28 10:15,CE,24100,24167.2,24153.3,188.01,179.8,65,-533.65,227111.25
455,2026-08-28 11:15,2026-08-28 13:15,PE,24200,24086.9,24118.85,204.52,185.19,65,-1256.45,225854.8
456,2026-08-28 14:15,2026-08-31 09:15,CE,24000,24142.95,24140.65,235.84,234.28,65,-101.4,225753.4
457,2026-08-31 09:15,2026-08-31 10:15,PE,24100,24017.85,24028.85,185.21,178.8,65,-416.65,225336.75
458,2026-08-31 11:15,2026-08-31 13:15,CE,24000,24055.95,24045.2,180.73,174.49,65,-405.6,224931.15
459,2026-09-01 09:15,2026-09-01 10:15,PE,24100,24036.25,24070.3,174.56,155.86,65,-1215.5,223715.65
460,2026-09-01 10:15,2026-09-01 11:15,CE,24000,24107.05,24107.85,212.13,212.64,65,33.15,223748.8
461,2026-09-01 13:15,2026-09-01 14:15,PE,24100,23965.05,23987.6,217.83,203.53,65,-929.5,222819.3
462,2026-09-02 09:15,2026-09-02 10:15,PE,23900,23848.3,23861.15,166.64,159.6,65,-457.6,222361.7
463,2026-09-02 12:15,2026-09-02 13:15,CE,23800,23873.85,23860.0,190.18,181.88,65,-539.5,221822.2
464,2026-09-03 09:15,2026-09-03 10:15,CE,23900,23992.55,23969.65,202.33,188.26,65,-914.55,220907.65
465,2026-09-03 10:15,2026-09-03 11:15,PE,24000,23926.9,23955.65,179.36,163.17,65,-1052.35,219855.3
466,2026-09-04 09:15,2026-09-04 10:15,CE,23800,23939.45,23940.75,232.31,233.19,65,57.2,219912.5
467,2026-09-07 09:15,2026-09-07 10:15,PE,23900,23806.45,23799.05,190.87,195.36,65,291.85,220204.35
468,2026-09-08 09:15,2026-09-08 10:15,PE,23800,23707.9,23697.1,189.44,195.99,65,425.75,220630.1
469,2026-09-08 11:15,2026-09-08 13:15,PE,23700,23649.7,23658.25,164.71,160.01,65,-305.5,220324.6
470,2026-09-09 09:15,2026-09-09 10:15,PE,23600,23485.4,23519.7,202.14,181.28,65,-1355.9,218968.7
471,2026-09-09 12:15,2026-09-09 14:15,CE,23400,23543.95,23533.3,233.06,225.84,65,-469.3,218499.4
472,2026-09-09 14:15,2026-09-10 09:15,PE,23600,23462.15,23439.4,217.01,232.13,65,982.8,219482.2
473,2026-09-10 09:15,2026-09-10 10:15,PE,23500,23411.4,23438.2,185.64,170.01,65,-1015.95,218466.25
474,2026-09-10 11:15,2026-09-10 12:15,CE,23400,23458.45,23438.9,178.51,167.17,65,-737.1,217729.15
475,2026-09-10 14:15,2026-09-10 15:15,PE,23500,23389.4,23424.25,199.08,178.05,65,-1366.95,216362.2
476,2026-09-11 09:15,2026-09-11 10:15,PE,23400,23297.2,23307.6,193.7,187.36,65,-412.1,215950.1
477,2026-09-11 10:15,2026-09-11 11:15,CE,23200,23337.9,23325.4,227.78,219.38,65,-546.0,215404.1
478,2026-09-11 13:15,2026-09-11 14:15,CE,23300,23417.15,23405.55,214.52,206.98,65,-490.1,214914.0
479,2026-09-15 09:15,2026-09-15 10:15,PE,23500,23386.75,23358.8,200.74,218.66,65,1164.8,216078.8
480,2026-09-15 10:15,2026-09-15 11:15,PE,23400,23345.4,23346.8,165.37,164.59,65,-50.7,216028.1
481,2026-09-15 14:15,2026-09-15 15:15,PE,23300,23172.25,23153.6,208.84,221.03,65,792.35,216820.45
482,2026-09-16 09:15,2026-09-16 10:15,CE,23100,23177.75,23243.75,188.3,231.2,65,2788.5,219608.95
