Trade #,Entry Time,Exit Time,Type,Strike,Entry Spot,Exit Spot,Option Buy Price (RS),Option Sell Price (RS),Qty,Trade PnL (RS),Return (%),Reason,Capital (RS)
1,2025-09-22 09:15,2025-09-22 14:15,PE,25400,25311.45,25161.45,196.36,296.31,65,6496.75,50.9,TARGET HIT (+150 Pts),21496.75
2,2025-09-22 14:15,2025-09-23 09:15,PE,25300,25195.55,25230.55,205.33,184.69,65,-1341.6,-10.05,FIXED SL HIT (-35 Pts),20155.15
3,2025-09-23 09:15,2025-09-23 12:15,PE,25300,25150.9,25185.9,233.5,211.25,65,-1446.25,-9.53,FIXED SL HIT (-35 Pts),18708.9
4,2025-09-23 12:15,2025-09-23 14:15,CE,25100,25197.75,25162.75,212.83,191.51,65,-1385.8,-10.02,FIXED SL HIT (-35 Pts),17323.1
5,2025-09-23 14:15,2025-09-25 09:15,PE,25300,25171.9,25021.9,220.0,325.71,65,6871.15,48.05,TARGET HIT (+150 Pts),24194.25
6,2025-09-25 09:15,2025-09-25 14:15,PE,25100,25031.7,24881.7,182.89,280.09,65,6318.0,53.15,TARGET HIT (+150 Pts),30512.25
7,2025-09-25 14:15,2025-09-26 13:15,PE,25000,24883.3,24733.3,211.19,315.62,65,6787.95,49.45,TARGET HIT (+150 Pts),37300.2
8,2025-09-26 13:15,2025-09-29 09:15,PE,24800,24663.55,24698.55,222.59,200.71,65,-1422.2,-9.83,FIXED SL HIT (-35 Pts),35878.0
9,2025-09-29 09:15,2025-09-29 11:15,CE,24700,24758.4,24723.4,186.48,166.59,65,-1292.85,-10.67,FIXED SL HIT (-35 Pts),34585.15
10,2025-09-29 11:15,2025-09-29 12:15,PE,24700,24641.7,24676.7,174.94,155.98,65,-1232.4,-10.84,FIXED SL HIT (-35 Pts),33352.75
11,2025-09-29 13:15,2025-09-29 14:15,CE,24600,24723.85,24688.85,226.6,204.26,65,-1452.1,-9.86,FIXED SL HIT (-35 Pts),31900.65
12,2025-09-29 14:15,2025-09-29 15:15,PE,24700,24639.65,24674.65,176.09,157.05,65,-1237.6,-10.81,FIXED SL HIT (-35 Pts),30663.05
13,2025-09-30 13:15,2025-10-01 09:15,PE,24700,24623.9,24658.9,185.09,165.45,65,-1276.6,-10.61,FIXED SL HIT (-35 Pts),29386.45
14,2025-10-01 09:15,2025-10-01 11:15,CE,24600,24659.95,24809.95,186.78,286.73,65,6496.75,53.51,TARGET HIT (+150 Pts),35883.2
15,2025-10-01 14:15,2025-10-03 09:15,CE,24700,24822.5,24787.5,226.3,204.03,65,-1447.55,-9.84,FIXED SL HIT (-35 Pts),34435.65
16,2025-10-03 09:15,2025-10-03 11:15,PE,24900,24798.35,24833.35,201.39,180.8,65,-1338.35,-10.22,FIXED SL HIT (-35 Pts),33097.3
17,2025-10-03 14:15,2025-10-06 12:15,CE,24800,24888.5,25038.5,205.25,309.2,65,6756.75,50.65,TARGET HIT (+150 Pts),39854.05
18,2025-10-07 09:15,2025-10-07 10:15,CE,25100,25183.65,25148.65,204.09,183.28,65,-1352.65,-10.2,FIXED SL HIT (-35 Pts),38501.4
19,2025-10-07 14:15,2025-10-08 09:15,PE,25200,25091.0,25126.0,207.55,186.73,65,-1353.3,-10.03,FIXED SL HIT (-35 Pts),37148.1
20,2025-10-08 09:15,2025-10-08 10:15,CE,25000,25149.55,25114.55,246.1,222.92,65,-1506.7,-9.42,FIXED SL HIT (-35 Pts),35641.4
21,2025-10-08 10:15,2025-10-08 12:15,PE,25100,25042.65,25077.65,176.71,157.81,65,-1228.5,-10.7,FIXED SL HIT (-35 Pts),34412.9
22,2025-10-08 12:15,2025-10-08 13:15,CE,25000,25098.05,25063.05,212.42,191.07,65,-1387.75,-10.05,FIXED SL HIT (-35 Pts),33025.15
23,2025-10-09 10:15,2025-10-10 10:15,CE,25100,25152.55,25302.55,185.54,284.0,65,6399.9,53.07,TARGET HIT (+150 Pts),39425.05
24,2025-10-13 09:15,2025-10-13 14:15,PE,25300,25199.25,25234.25,203.09,182.59,65,-1332.5,-10.09,FIXED SL HIT (-35 Pts),38092.55
25,2025-10-14 09:15,2025-10-14 10:15,PE,25300,25196.7,25231.7,204.63,184.04,65,-1338.35,-10.06,FIXED SL HIT (-35 Pts),36754.2
26,2025-10-14 10:15,2025-10-15 09:15,PE,25300,25174.0,25209.0,218.67,197.25,65,-1392.3,-9.8,FIXED SL HIT (-35 Pts),35361.9
27,2025-10-15 09:15,2025-10-16 09:15,CE,25200,25251.25,25401.25,185.4,283.59,65,6382.35,52.96,TARGET HIT (+150 Pts),41744.25
28,2025-10-16 09:15,2025-10-16 13:15,CE,25300,25423.45,25573.45,230.47,338.77,65,7039.5,46.99,TARGET HIT (+150 Pts),48783.75
29,2025-10-16 13:15,2025-10-17 09:15,CE,25500,25551.85,25516.85,187.6,167.99,65,-1274.65,-10.45,FIXED SL HIT (-35 Pts),47509.1
30,2025-10-17 09:15,2025-10-17 13:15,CE,25600,25670.15,25635.15,198.98,178.71,65,-1317.55,-10.19,FIXED SL HIT (-35 Pts),46191.55
31,2025-10-20 09:15,2025-10-20 10:15,CE,25800,25856.55,25821.55,192.18,172.42,65,-1284.4,-10.28,FIXED SL HIT (-35 Pts),44907.15
32,2025-10-20 12:15,2025-10-20 13:15,CE,25800,25898.4,25863.4,217.47,196.2,65,-1382.55,-9.78,FIXED SL HIT (-35 Pts),43524.6
33,2025-10-21 14:15,2025-10-23 09:15,PE,26000,25868.6,25903.6,225.93,204.42,65,-1398.15,-9.52,FIXED SL HIT (-35 Pts),42126.45
34,2025-10-23 09:15,2025-10-23 10:15,CE,26000,26095.9,26060.9,217.12,195.96,65,-1375.4,-9.75,FIXED SL HIT (-35 Pts),40751.05
35,2025-10-23 13:15,2025-10-23 14:15,PE,26100,25958.55,25993.55,232.88,211.03,65,-1420.25,-9.38,FIXED SL HIT (-35 Pts),39330.8
36,2025-10-23 14:15,2025-10-24 09:15,PE,26000,25865.35,25900.35,227.99,206.37,65,-1405.3,-9.48,FIXED SL HIT (-35 Pts),37925.5
37,2025-10-24 13:15,2025-10-24 14:15,PE,25900,25755.4,25790.4,233.82,211.83,65,-1429.35,-9.4,FIXED SL HIT (-35 Pts),36496.15
38,2025-10-27 09:15,2025-10-27 13:15,CE,25900,25961.85,25926.85,195.9,175.95,65,-1296.75,-10.18,FIXED SL HIT (-35 Pts),35199.4
39,2025-10-28 09:15,2025-10-28 12:15,PE,26000,25905.25,25940.25,203.44,183.24,65,-1313.0,-9.93,FIXED SL HIT (-35 Pts),33886.4
40,2025-10-28 12:15,2025-10-28 13:15,CE,25800,25926.35,25891.35,235.33,213.08,65,-1446.25,-9.45,FIXED SL HIT (-35 Pts),32440.15
41,2025-10-30 09:15,2025-10-31 10:15,PE,26100,25959.45,25809.45,232.3,338.84,65,6925.1,45.86,TARGET HIT (+150 Pts),39365.25
42,2025-10-31 10:15,2025-10-31 11:15,PE,25900,25776.75,25811.75,220.26,199.02,65,-1380.6,-9.64,FIXED SL HIT (-35 Pts),37984.65
43,2025-11-04 09:15,2025-11-06 09:15,PE,25800,25698.2,25548.2,206.54,308.02,65,6596.2,49.13,TARGET HIT (+150 Pts),44580.85
44,2025-11-06 09:15,2025-11-06 12:15,PE,25600,25542.75,25577.75,179.54,160.67,65,-1226.55,-10.51,FIXED SL HIT (-35 Pts),43354.3
45,2025-11-06 12:15,2025-11-06 13:15,CE,25500,25583.6,25548.6,206.49,185.73,65,-1349.4,-10.05,FIXED SL HIT (-35 Pts),42004.9
46,2025-11-07 09:15,2025-11-07 10:15,PE,25400,25343.25,25378.25,178.1,159.25,65,-1225.25,-10.58,FIXED SL HIT (-35 Pts),40779.65
47,2025-11-10 09:15,2025-11-11 09:15,CE,25500,25576.0,25541.0,201.88,181.38,65,-1332.5,-10.15,FIXED SL HIT (-35 Pts),39447.15
48,2025-11-11 09:15,2025-11-11 11:15,PE,25600,25501.95,25536.95,203.15,182.79,65,-1323.4,-10.02,FIXED SL HIT (-35 Pts),38123.75
49,2025-11-11 11:15,2025-11-11 14:15,CE,25400,25538.3,25688.3,240.86,351.01,65,7159.75,45.73,TARGET HIT (+150 Pts),45283.5
50,2025-11-12 09:15,2025-11-13 13:15,CE,25700,25839.85,25989.85,243.65,353.68,65,7151.95,45.16,TARGET HIT (+150 Pts),52435.45
51,2025-11-13 13:15,2025-11-13 14:15,PE,26000,25894.45,25929.45,209.93,189.34,65,-1338.35,-9.81,FIXED SL HIT (-35 Pts),51097.1
52,2025-11-14 09:15,2025-11-14 10:15,PE,25900,25780.05,25815.05,218.2,197.09,65,-1372.15,-9.67,FIXED SL HIT (-35 Pts),49724.95
53,2025-11-14 13:15,2025-11-14 14:15,PE,25900,25774.4,25809.4,221.73,200.41,65,-1385.8,-9.62,FIXED SL HIT (-35 Pts),48339.15
54,2025-11-14 14:15,2025-11-18 09:15,CE,25800,25930.2,25895.2,237.85,215.47,65,-1454.7,-9.41,FIXED SL HIT (-35 Pts),46884.45
55,2025-11-18 09:15,2025-11-18 10:15,PE,26000,25895.85,25930.85,209.08,188.54,65,-1335.1,-9.82,FIXED SL HIT (-35 Pts),45549.35
56,2025-11-19 09:15,2025-11-20 09:15,CE,25900,25952.1,26102.1,190.22,288.04,65,6358.3,51.42,TARGET HIT (+150 Pts),51907.65
57,2025-11-20 09:15,2025-11-21 10:15,CE,26000,26099.65,26064.65,219.46,198.17,65,-1383.85,-9.7,FIXED SL HIT (-35 Pts),50523.8
58,2025-11-21 11:15,2025-11-21 14:15,CE,26000,26123.9,26088.9,234.92,212.79,65,-1438.45,-9.42,FIXED SL HIT (-35 Pts),49085.35
59,2025-11-21 14:15,2025-11-24 09:15,PE,26200,26069.35,26104.35,226.56,205.11,65,-1394.25,-9.47,FIXED SL HIT (-35 Pts),47691.1
60,2025-11-24 09:15,2025-11-24 11:15,CE,26000,26128.5,26093.5,237.92,215.63,65,-1448.85,-9.37,FIXED SL HIT (-35 Pts),46242.25
61,2025-11-24 11:15,2025-11-24 15:15,PE,26200,26069.1,25919.1,226.72,331.84,65,6832.8,46.37,TARGET HIT (+150 Pts),53075.05
62,2025-11-25 09:15,2025-11-25 10:15,CE,25900,26018.6,25983.6,230.9,208.93,65,-1428.05,-9.51,FIXED SL HIT (-35 Pts),51647.0
63,2025-11-25 14:15,2025-11-26 09:15,PE,26000,25886.0,25921.0,215.08,194.19,65,-1357.85,-9.71,FIXED SL HIT (-35 Pts),50289.15
64,2025-11-26 09:15,2025-11-27 09:15,CE,26000,26084.5,26234.5,210.09,312.42,65,6651.45,48.71,TARGET HIT (+150 Pts),56940.6
65,2025-11-27 09:15,2025-11-27 11:15,CE,26200,26283.0,26248.0,210.4,189.71,65,-1344.85,-9.83,FIXED SL HIT (-35 Pts),55595.75
66,2025-11-28 09:15,2025-11-28 12:15,CE,26100,26240.4,26205.4,246.36,223.67,65,-1474.85,-9.21,FIXED SL HIT (-35 Pts),54120.9
67,2025-12-01 09:15,2025-12-01 10:15,CE,26200,26284.95,26249.95,211.58,190.83,65,-1348.75,-9.81,FIXED SL HIT (-35 Pts),52772.15
68,2025-12-01 10:15,2025-12-02 09:15,PE,26300,26242.4,26092.4,183.77,278.43,65,6152.9,51.51,TARGET HIT (+150 Pts),58925.05
69,2025-12-02 09:15,2025-12-02 10:15,PE,26200,26058.7,26093.7,233.33,211.5,65,-1418.95,-9.36,FIXED SL HIT (-35 Pts),57506.1
70,2025-12-02 12:15,2025-12-04 10:15,PE,26100,26035.8,26070.8,186.31,167.22,65,-1240.85,-10.25,FIXED SL HIT (-35 Pts),56265.25
71,2025-12-04 14:15,2025-12-05 09:15,CE,25900,26038.6,26003.6,243.99,221.33,65,-1472.9,-9.29,FIXED SL HIT (-35 Pts),54792.35
72,2025-12-05 09:15,2025-12-05 10:15,CE,26000,26078.55,26043.55,206.48,185.93,65,-1335.75,-9.95,FIXED SL HIT (-35 Pts),53456.6
73,2025-12-05 10:15,2025-12-08 09:15,CE,26000,26143.5,26108.5,247.84,225.03,65,-1482.65,-9.2,FIXED SL HIT (-35 Pts),51973.95
74,2025-12-08 09:15,2025-12-08 13:15,PE,26200,26096.5,25946.5,209.81,311.15,65,6587.1,48.3,TARGET HIT (+150 Pts),58561.05
75,2025-12-08 13:15,2025-12-08 14:15,PE,26000,25914.4,25949.4,198.04,178.16,65,-1292.2,-10.04,FIXED SL HIT (-35 Pts),57268.85
76,2025-12-09 09:15,2025-12-09 10:15,PE,25900,25784.05,25819.05,215.73,194.75,65,-1363.7,-9.73,FIXED SL HIT (-35 Pts),55905.15
77,2025-12-09 11:15,2025-12-09 12:15,CE,25800,25893.05,25858.05,214.14,193.06,65,-1370.2,-9.84,FIXED SL HIT (-35 Pts),54534.95
78,2025-12-09 14:15,2025-12-10 09:15,PE,25900,25837.65,25872.65,184.12,165.09,65,-1236.95,-10.34,FIXED SL HIT (-35 Pts),53298.0
79,2025-12-10 09:15,2025-12-10 10:15,CE,25800,25919.85,25884.85,231.11,209.09,65,-1431.3,-9.53,FIXED SL HIT (-35 Pts),51866.7
80,2025-12-10 12:15,2025-12-10 13:15,PE,25900,25801.85,25836.85,204.9,184.57,65,-1321.45,-9.92,FIXED SL HIT (-35 Pts),50545.25
81,2025-12-10 13:15,2025-12-11 09:15,PE,25900,25758.5,25793.5,231.82,209.94,65,-1422.2,-9.44,FIXED SL HIT (-35 Pts),49123.05
82,2025-12-11 09:15,2025-12-11 10:15,CE,25700,25807.55,25772.55,222.63,201.03,65,-1404.0,-9.7,FIXED SL HIT (-35 Pts),47719.05
83,2025-12-11 11:15,2025-12-11 12:15,CE,25800,25876.6,25841.6,204.07,183.59,65,-1331.2,-10.04,FIXED SL HIT (-35 Pts),46387.85
84,2025-12-12 09:15,2025-12-12 10:15,CE,25900,25988.5,25953.5,211.93,191.03,65,-1358.5,-9.86,FIXED SL HIT (-35 Pts),45029.35
85,2025-12-15 09:15,2025-12-15 10:15,PE,26100,25961.35,25996.35,231.09,209.34,65,-1413.75,-9.41,FIXED SL HIT (-35 Pts),43615.6
86,2025-12-15 11:15,2025-12-16 09:15,CE,25900,26018.55,25983.55,230.86,208.9,65,-1427.4,-9.51,FIXED SL HIT (-35 Pts),42188.2
87,2025-12-16 09:15,2025-12-16 13:15,PE,26000,25892.85,25927.85,210.9,190.25,65,-1342.25,-9.79,FIXED SL HIT (-35 Pts),40845.95
88,2025-12-16 14:15,2025-12-17 09:15,PE,26000,25856.05,25891.05,233.94,211.99,65,-1426.75,-9.38,FIXED SL HIT (-35 Pts),39419.2
89,2025-12-17 11:15,2025-12-17 14:15,PE,25900,25796.4,25831.4,208.18,187.65,65,-1334.45,-9.86,FIXED SL HIT (-35 Pts),38084.75
90,2025-12-18 09:15,2025-12-18 10:15,PE,25900,25791.15,25826.15,211.37,190.65,65,-1346.8,-9.8,FIXED SL HIT (-35 Pts),36737.95
91,2025-12-18 10:15,2025-12-18 14:15,CE,25700,25831.7,25796.7,238.25,215.8,65,-1459.25,-9.42,FIXED SL HIT (-35 Pts),35278.7
92,2025-12-19 09:15,2025-12-22 09:15,CE,25800,25935.6,26085.6,241.41,350.79,65,7109.7,45.31,TARGET HIT (+150 Pts),42388.4
93,2025-12-22 09:15,2025-12-26 09:15,CE,26000,26129.25,26094.25,238.41,216.09,65,-1450.8,-9.36,FIXED SL HIT (-35 Pts),40937.6
94,2025-12-26 09:15,2025-12-29 13:15,PE,26200,26091.45,25941.45,212.87,314.92,65,6633.25,47.94,TARGET HIT (+150 Pts),47570.85
95,2025-12-30 13:15,2025-12-31 12:15,CE,25800,25943.6,26093.6,246.74,357.14,65,7176.0,44.74,TARGET HIT (+150 Pts),54746.85
96,2025-12-31 12:15,2025-12-31 14:15,CE,26100,26155.35,26120.35,193.34,173.63,65,-1281.15,-10.19,FIXED SL HIT (-35 Pts),53465.7
97,2025-12-31 14:15,2026-01-01 09:15,PE,26200,26122.95,26157.95,194.21,174.66,65,-1270.75,-10.07,FIXED SL HIT (-35 Pts),52194.95
98,2026-01-01 09:15,2026-01-01 12:15,CE,26100,26151.15,26116.15,190.91,171.35,65,-1271.4,-10.25,FIXED SL HIT (-35 Pts),50923.55
99,2026-01-01 13:15,2026-01-01 15:15,CE,26100,26168.0,26133.0,200.77,180.61,65,-1310.4,-10.04,FIXED SL HIT (-35 Pts),49613.15
100,2026-01-02 09:15,2026-01-05 13:15,CE,26200,26254.65,26219.65,193.55,173.88,65,-1278.55,-10.16,FIXED SL HIT (-35 Pts),48334.6
101,2026-01-05 13:15,2026-01-05 14:15,PE,26300,26226.75,26261.75,192.6,173.2,65,-1261.0,-10.07,FIXED SL HIT (-35 Pts),47073.6
102,2026-01-06 11:15,2026-01-08 10:15,PE,26300,26167.65,26017.65,228.18,333.4,65,6839.3,46.11,TARGET HIT (+150 Pts),53912.9
103,2026-01-08 11:15,2026-01-09 11:15,PE,26000,25933.75,25783.75,186.89,283.05,65,6250.4,51.45,TARGET HIT (+150 Pts),60163.3
104,2026-01-09 11:15,2026-01-12 09:15,PE,25800,25739.35,25589.35,182.59,278.07,65,6206.2,52.29,TARGET HIT (+150 Pts),66369.5
105,2026-01-12 09:15,2026-01-12 10:15,PE,25700,25556.9,25591.9,231.77,209.8,65,-1428.05,-9.48,FIXED SL HIT (-35 Pts),64941.45
106,2026-01-12 12:15,2026-01-12 13:15,CE,25600,25722.3,25687.3,231.51,209.37,65,-1439.1,-9.56,FIXED SL HIT (-35 Pts),63502.35
107,2026-01-12 14:15,2026-01-13 09:15,CE,25700,25778.5,25743.5,204.61,184.05,65,-1336.4,-10.05,FIXED SL HIT (-35 Pts),62165.95
108,2026-01-13 09:15,2026-01-13 10:15,PE,25800,25738.1,25773.1,183.29,164.27,65,-1236.3,-10.38,FIXED SL HIT (-35 Pts),60929.65
109,2026-01-13 14:15,2026-01-14 09:15,CE,25600,25737.4,25702.4,241.43,218.77,65,-1472.9,-9.39,FIXED SL HIT (-35 Pts),59456.75
110,2026-01-14 09:15,2026-01-14 10:15,PE,25800,25696.8,25731.8,207.38,186.85,65,-1334.45,-9.9,FIXED SL HIT (-35 Pts),58122.3
111,2026-01-14 13:15,2026-01-14 14:15,PE,25800,25663.2,25698.2,228.27,206.54,65,-1412.45,-9.52,FIXED SL HIT (-35 Pts),56709.85
112,2026-01-16 09:15,2026-01-16 12:15,CE,25700,25783.65,25748.65,207.74,186.99,65,-1348.75,-9.99,FIXED SL HIT (-35 Pts),55361.1
113,2026-01-16 12:15,2026-01-19 09:15,PE,25800,25716.55,25566.55,195.64,294.48,65,6424.6,50.52,TARGET HIT (+150 Pts),61785.7
114,2026-01-19 09:15,2026-01-19 10:15,PE,25600,25527.9,25562.9,187.93,168.52,65,-1261.65,-10.33,FIXED SL HIT (-35 Pts),60524.05
115,2026-01-19 13:15,2026-01-19 15:15,CE,25500,25590.3,25555.3,210.61,189.6,65,-1365.65,-9.98,FIXED SL HIT (-35 Pts),59158.4
116,2026-01-20 09:15,2026-01-20 10:15,PE,25600,25468.7,25503.7,223.67,202.1,65,-1402.05,-9.64,FIXED SL HIT (-35 Pts),57756.35
117,2026-01-20 13:15,2026-01-20 15:15,PE,25500,25360.75,25210.75,228.2,335.23,65,6956.95,46.9,TARGET HIT (+150 Pts),64713.3
118,2026-01-21 09:15,2026-01-21 10:15,PE,25300,25153.25,25003.25,231.97,340.26,65,7038.85,46.68,TARGET HIT (+150 Pts),71752.15
119,2026-01-21 10:15,2026-01-21 11:15,PE,25200,25054.75,25089.75,230.46,208.32,65,-1439.1,-9.61,FIXED SL HIT (-35 Pts),70313.05
120,2026-01-21 12:15,2026-01-21 13:15,CE,25100,25237.45,25202.45,238.53,215.79,65,-1478.1,-9.53,FIXED SL HIT (-35 Pts),68834.95
121,2026-01-22 09:15,2026-01-22 10:15,CE,25300,25376.0,25341.0,200.65,180.14,65,-1333.15,-10.22,FIXED SL HIT (-35 Pts),67501.8
122,2026-01-22 10:15,2026-01-22 11:15,PE,25300,25215.75,25250.75,193.26,173.37,65,-1292.85,-10.29,FIXED SL HIT (-35 Pts),66208.95
123,2026-01-22 14:15,2026-01-23 09:15,CE,25200,25288.55,25253.55,207.71,186.73,65,-1363.7,-10.1,FIXED SL HIT (-35 Pts),64845.25
124,2026-01-23 13:15,2026-01-23 14:15,PE,25200,25063.4,25098.4,224.87,203.04,65,-1418.95,-9.71,FIXED SL HIT (-35 Pts),63426.3
125,2026-01-27 09:15,2026-01-27 10:15,CE,25000,25128.45,25093.45,231.98,209.54,65,-1458.6,-9.67,FIXED SL HIT (-35 Pts),61967.7
126,2026-01-27 13:15,2026-01-27 14:15,PE,25100,25034.55,25069.55,181.27,162.07,65,-1248.0,-10.59,FIXED SL HIT (-35 Pts),60719.7
127,2026-01-27 14:15,2026-01-28 09:15,CE,25100,25170.4,25320.4,196.06,297.14,65,6570.2,51.56,TARGET HIT (+150 Pts),67289.9
128,2026-01-28 09:15,2026-01-28 13:15,CE,25100,25248.1,25213.1,245.7,222.58,65,-1502.8,-9.41,FIXED SL HIT (-35 Pts),65787.1
129,2026-01-28 14:15,2026-01-29 09:15,CE,25200,25329.65,25294.65,233.95,211.5,65,-1459.25,-9.6,FIXED SL HIT (-35 Pts),64327.85
130,2026-01-29 09:15,2026-01-29 10:15,PE,25300,25211.65,25246.65,195.68,175.64,65,-1302.6,-10.24,FIXED SL HIT (-35 Pts),63025.25
131,2026-01-30 09:15,2026-01-30 13:15,PE,25400,25314.3,25349.3,194.68,174.75,65,-1295.45,-10.24,FIXED SL HIT (-35 Pts),61729.8
132,2026-01-30 13:15,2026-01-30 14:15,CE,25300,25352.45,25317.45,186.71,167.07,65,-1276.6,-10.52,FIXED SL HIT (-35 Pts),60453.2
133,2026-02-03 09:15,2026-02-03 10:15,CE,25600,25671.0,25821.0,199.48,300.24,65,6549.4,50.51,TARGET HIT (+150 Pts),67002.6
134,2026-02-04 09:15,2026-02-04 10:15,CE,25700,25782.3,25747.3,206.92,186.22,65,-1345.5,-10.0,FIXED SL HIT (-35 Pts),65657.1
135,2026-02-05 09:15,2026-02-06 09:15,PE,25800,25672.75,25522.75,222.22,327.27,65,6828.25,47.27,TARGET HIT (+150 Pts),72485.35
136,2026-02-06 09:15,2026-02-06 10:15,PE,25600,25515.8,25550.8,194.94,175.08,65,-1290.9,-10.19,FIXED SL HIT (-35 Pts),71194.45
137,2026-02-06 11:15,2026-02-06 12:15,CE,25500,25611.05,25576.05,223.66,201.91,65,-1413.75,-9.72,FIXED SL HIT (-35 Pts),69780.7
138,2026-02-06 12:15,2026-02-06 13:15,PE,25700,25561.45,25596.45,228.84,207.03,65,-1417.65,-9.53,FIXED SL HIT (-35 Pts),68363.05
139,2026-02-09 09:15,2026-02-10 09:15,CE,25700,25801.6,25951.6,218.87,323.82,65,6821.75,47.95,TARGET HIT (+150 Pts),75184.8
140,2026-02-10 09:15,2026-02-10 13:15,CE,25800,25944.35,25909.35,247.24,224.37,65,-1486.55,-9.25,FIXED SL HIT (-35 Pts),73698.25
141,2026-02-10 13:15,2026-02-10 14:15,PE,26000,25918.7,25953.7,195.53,175.81,65,-1281.8,-10.09,FIXED SL HIT (-35 Pts),72416.45
142,2026-02-11 12:15,2026-02-11 13:15,PE,26000,25923.75,25958.75,192.6,173.07,65,-1269.45,-10.14,FIXED SL HIT (-35 Pts),71147.0
143,2026-02-12 09:15,2026-02-13 09:15,PE,26000,25880.85,25730.85,218.26,321.99,65,6742.45,47.53,TARGET HIT (+150 Pts),77889.45
144,2026-02-13 09:15,2026-02-13 10:15,PE,25600,25531.75,25566.75,185.73,166.46,65,-1252.55,-10.38,FIXED SL HIT (-35 Pts),76636.9
145,2026-02-16 09:15,2026-02-16 10:15,CE,25500,25551.45,25516.45,187.37,167.78,65,-1273.35,-10.46,FIXED SL HIT (-35 Pts),75363.55
146,2026-02-16 14:15,2026-02-17 09:15,CE,25600,25686.75,25651.75,209.03,188.16,65,-1356.55,-9.98,FIXED SL HIT (-35 Pts),74007.0
147,2026-02-17 13:15,2026-02-17 14:15,PE,25800,25670.95,25705.95,223.35,201.89,65,-1394.9,-9.61,FIXED SL HIT (-35 Pts),72612.1
148,2026-02-18 09:15,2026-02-18 10:15,PE,25800,25661.95,25696.95,229.07,207.29,65,-1415.7,-9.51,FIXED SL HIT (-35 Pts),71196.4
149,2026-02-19 09:15,2026-02-19 11:15,PE,25900,25756.45,25606.45,233.14,340.31,65,6966.05,45.97,TARGET HIT (+150 Pts),78162.45
150,2026-02-19 11:15,2026-02-19 12:15,PE,25700,25603.5,25638.5,202.79,182.49,65,-1319.5,-10.01,FIXED SL HIT (-35 Pts),76842.95
151,2026-02-19 14:15,2026-02-20 09:15,PE,25500,25447.6,25482.6,176.27,157.58,65,-1214.85,-10.6,FIXED SL HIT (-35 Pts),75628.1
152,2026-02-20 09:15,2026-02-20 12:15,CE,25400,25480.45,25630.45,203.96,306.23,65,6647.55,50.14,TARGET HIT (+150 Pts),82275.65
153,2026-02-20 12:15,2026-02-20 13:15,PE,25700,25554.6,25589.6,233.26,211.2,65,-1433.9,-9.46,FIXED SL HIT (-35 Pts),80841.75
154,2026-02-23 09:15,2026-02-23 10:15,CE,25600,25717.85,25682.85,228.62,206.65,65,-1428.05,-9.61,FIXED SL HIT (-35 Pts),79413.7
155,2026-02-23 14:15,2026-02-24 09:15,CE,25600,25710.75,25675.75,224.07,202.34,65,-1412.45,-9.7,FIXED SL HIT (-35 Pts),78001.25
156,2026-02-25 12:15,2026-02-25 14:15,PE,25600,25462.6,25497.6,227.56,205.77,65,-1416.35,-9.58,FIXED SL HIT (-35 Pts),76584.9
157,2026-02-26 09:15,2026-02-26 10:15,CE,25500,25558.25,25523.25,191.33,171.48,65,-1290.25,-10.37,FIXED SL HIT (-35 Pts),75294.65
158,2026-02-26 11:15,2026-02-26 14:15,PE,25600,25459.3,25494.3,229.68,207.77,65,-1424.15,-9.54,FIXED SL HIT (-35 Pts),73870.5
159,2026-02-26 14:15,2026-02-27 09:15,CE,25400,25486.15,25451.15,207.45,186.58,65,-1356.55,-10.06,FIXED SL HIT (-35 Pts),72513.95
160,2026-02-27 09:15,2026-02-27 14:15,PE,25400,25322.6,25172.6,189.84,288.14,65,6389.5,51.78,TARGET HIT (+150 Pts),78903.45
161,2026-02-27 14:15,2026-03-02 09:15,PE,25300,25167.9,25017.9,222.54,328.81,65,6907.55,47.75,TARGET HIT (+150 Pts),85811.0
162,2026-03-02 09:15,2026-03-02 12:15,PE,25000,24884.85,24734.85,210.23,314.44,65,6773.65,49.57,TARGET HIT (+150 Pts),92584.65
163,2026-03-02 13:15,2026-03-02 14:15,CE,24700,24787.4,24752.4,203.96,182.98,65,-1363.7,-10.29,FIXED SL HIT (-35 Pts),91220.95
164,2026-03-02 14:15,2026-03-02 15:15,CE,24800,24904.8,24869.8,215.48,193.86,65,-1405.3,-10.03,FIXED SL HIT (-35 Pts),89815.65
165,2026-03-04 09:15,2026-03-04 10:15,PE,24500,24413.65,24448.65,189.96,169.91,65,-1303.25,-10.55,FIXED SL HIT (-35 Pts),88512.4
166,2026-03-04 13:15,2026-03-04 14:15,CE,24500,24554.95,24519.95,183.23,163.45,65,-1285.7,-10.8,FIXED SL HIT (-35 Pts),87226.7
167,2026-03-05 09:15,2026-03-05 10:15,CE,24500,24596.25,24561.25,208.27,186.93,65,-1387.1,-10.25,FIXED SL HIT (-35 Pts),85839.6
168,2026-03-05 14:15,2026-03-06 09:15,CE,24600,24714.8,24679.8,220.7,198.69,65,-1430.65,-9.97,FIXED SL HIT (-35 Pts),84408.95
169,2026-03-06 14:15,2026-03-09 09:15,PE,24500,24441.65,24291.65,173.81,269.99,65,6251.7,55.34,TARGET HIT (+150 Pts),90660.65
170,2026-03-09 09:15,2026-03-09 10:15,PE,23900,23807.25,23842.25,190.39,170.02,65,-1324.05,-10.7,FIXED SL HIT (-35 Pts),89336.6
171,2026-03-09 14:15,2026-03-09 15:15,CE,23900,24047.8,24012.8,238.57,215.24,65,-1516.45,-9.78,FIXED SL HIT (-35 Pts),87820.15
172,2026-03-10 09:15,2026-03-10 15:15,CE,24100,24151.05,24301.05,178.49,277.49,65,6435.0,55.47,TARGET HIT (+150 Pts),94255.15
173,2026-03-11 09:15,2026-03-11 12:15,PE,24200,24116.5,23966.5,186.58,286.92,65,6522.1,53.78,TARGET HIT (+150 Pts),100777.25
174,2026-03-12 09:15,2026-03-12 10:15,PE,23700,23610.15,23645.15,187.52,167.24,65,-1318.2,-10.81,FIXED SL HIT (-35 Pts),99459.05
175,2026-03-12 10:15,2026-03-12 11:15,CE,23600,23741.05,23706.05,232.24,209.09,65,-1504.75,-9.97,FIXED SL HIT (-35 Pts),97954.3
176,2026-03-12 14:15,2026-03-13 09:15,PE,23700,23633.9,23483.9,173.61,271.72,65,6377.15,56.51,TARGET HIT (+150 Pts),104331.45
177,2026-03-13 09:15,2026-03-13 10:15,PE,23400,23329.8,23364.8,174.25,154.73,65,-1268.8,-11.2,FIXED SL HIT (-35 Pts),103062.65
178,2026-03-16 10:15,2026-03-16 11:15,PE,23200,23092.35,23127.35,195.59,174.53,65,-1368.9,-10.77,FIXED SL HIT (-35 Pts),101693.75
179,2026-03-16 11:15,2026-03-16 12:15,CE,23100,23162.85,23127.85,179.28,159.09,65,-1312.35,-11.26,FIXED SL HIT (-35 Pts),100381.4
180,2026-03-16 14:15,2026-03-16 15:15,CE,23300,23435.25,23400.25,226.57,203.58,65,-1494.35,-10.15,FIXED SL HIT (-35 Pts),98887.05
181,2026-03-17 09:15,2026-03-17 10:15,CE,23400,23526.0,23491.0,220.95,198.34,65,-1469.65,-10.23,FIXED SL HIT (-35 Pts),97417.4
182,2026-03-17 11:15,2026-03-17 12:15,PE,23500,23435.3,23470.3,171.66,152.37,65,-1253.85,-11.24,FIXED SL HIT (-35 Pts),96163.55
183,2026-03-17 12:15,2026-03-18 09:15,CE,23400,23531.6,23681.6,224.69,336.22,65,7249.45,49.64,TARGET HIT (+150 Pts),103413.0
184,2026-03-18 09:15,2026-03-18 11:15,CE,23600,23664.3,23814.3,183.21,284.67,65,6594.9,55.38,TARGET HIT (+150 Pts),110007.9
185,2026-03-19 09:15,2026-03-19 10:15,PE,23300,23236.65,23271.65,169.75,150.49,65,-1251.9,-11.35,FIXED SL HIT (-35 Pts),108756.0
186,2026-03-19 13:15,2026-03-19 14:15,PE,23200,23111.3,22961.3,184.01,286.2,65,6642.35,55.54,TARGET HIT (+150 Pts),115398.35
187,2026-03-19 14:15,2026-03-19 15:15,PE,23100,22987.25,23022.25,198.22,176.94,65,-1383.2,-10.74,FIXED SL HIT (-35 Pts),114015.15
188,2026-03-20 09:15,2026-03-20 10:15,CE,23100,23243.65,23208.65,231.13,207.79,65,-1517.1,-10.1,FIXED SL HIT (-35 Pts),112498.05
189,2026-03-20 14:15,2026-03-23 09:15,PE,23200,23106.85,22956.85,186.69,289.58,65,6687.85,55.11,TARGET HIT (+150 Pts),119185.9
190,2026-03-23 09:15,2026-03-23 13:15,PE,22700,22572.3,22607.3,205.56,183.61,65,-1426.75,-10.68,FIXED SL HIT (-35 Pts),117759.15
191,2026-03-23 13:15,2026-03-23 14:15,CE,22500,22618.7,22583.7,210.83,188.33,65,-1462.5,-10.67,FIXED SL HIT (-35 Pts),116296.65
192,2026-03-24 09:15,2026-03-24 10:15,CE,22600,22708.1,22673.1,204.46,182.4,65,-1433.9,-10.79,FIXED SL HIT (-35 Pts),114862.75
193,2026-03-24 12:15,2026-03-24 13:15,CE,22900,22990.5,22955.5,195.0,173.69,65,-1385.15,-10.93,FIXED SL HIT (-35 Pts),113477.6
194,2026-03-24 14:15,2026-03-24 15:15,PE,23000,22898.65,22933.65,190.58,169.75,65,-1353.95,-10.93,FIXED SL HIT (-35 Pts),112123.65
195,2026-03-25 09:15,2026-03-25 12:15,CE,23200,23305.55,23455.55,206.38,314.43,65,7023.25,52.35,TARGET HIT (+150 Pts),119146.9
196,2026-03-30 09:15,2026-03-30 13:15,PE,22700,22596.75,22446.75,190.08,295.13,65,6828.25,55.27,TARGET HIT (+150 Pts),125975.15
197,2026-03-30 14:15,2026-03-30 15:15,PE,22400,22335.6,22370.6,165.19,145.82,65,-1259.05,-11.73,FIXED SL HIT (-35 Pts),124716.1
198,2026-04-01 09:15,2026-04-01 10:15,CE,22800,22868.85,22833.85,181.04,160.59,65,-1329.25,-11.3,FIXED SL HIT (-35 Pts),123386.85
199,2026-04-01 10:15,2026-04-01 11:15,PE,22900,22763.75,22798.75,212.2,189.96,65,-1445.6,-10.48,FIXED SL HIT (-35 Pts),121941.25
200,2026-04-01 13:15,2026-04-02 09:15,PE,22900,22753.0,22603.0,219.31,330.68,65,7239.05,50.78,TARGET HIT (+150 Pts),129180.3
201,2026-04-02 09:15,2026-04-02 11:15,PE,22300,22234.35,22269.35,165.34,145.9,65,-1263.6,-11.76,FIXED SL HIT (-35 Pts),127916.7
202,2026-04-02 12:15,2026-04-02 13:15,CE,22300,22369.85,22519.85,178.59,282.16,65,6732.05,57.99,TARGET HIT (+150 Pts),134648.75
203,2026-04-02 13:15,2026-04-02 14:15,CE,22500,22627.25,22592.25,216.53,193.7,65,-1483.95,-10.54,FIXED SL HIT (-35 Pts),133164.8
204,2026-04-02 14:15,2026-04-02 15:15,CE,22700,22760.4,22725.4,175.36,155.25,65,-1307.15,-11.47,FIXED SL HIT (-35 Pts),131857.65
205,2026-04-06 09:15,2026-04-06 11:15,PE,22800,22654.85,22689.85,217.54,194.93,65,-1469.65,-10.39,FIXED SL HIT (-35 Pts),130388.0
206,2026-04-06 12:15,2026-04-07 09:15,CE,22800,22860.7,22825.7,176.15,156.03,65,-1307.8,-11.42,FIXED SL HIT (-35 Pts),129080.2
207,2026-04-07 09:15,2026-04-07 10:15,PE,23000,22920.0,22955.0,177.7,157.74,65,-1297.4,-11.23,FIXED SL HIT (-35 Pts),127782.8
208,2026-04-07 13:15,2026-04-08 09:15,CE,22900,23011.95,23161.95,208.75,318.08,65,7106.45,52.37,TARGET HIT (+150 Pts),134889.25
209,2026-04-08 09:15,2026-04-09 09:15,CE,23800,23880.15,23845.15,194.03,173.22,65,-1352.65,-10.73,FIXED SL HIT (-35 Pts),133536.6
210,2026-04-09 09:15,2026-04-09 11:15,PE,23900,23839.0,23874.0,171.86,152.74,65,-1242.8,-11.13,FIXED SL HIT (-35 Pts),132293.8
211,2026-04-10 09:15,2026-04-10 11:15,CE,23900,23994.4,23959.4,203.49,182.15,65,-1387.1,-10.49,FIXED SL HIT (-35 Pts),130906.7
212,2026-04-10 14:15,2026-04-13 09:15,CE,24000,24057.5,24022.5,181.64,161.73,65,-1294.15,-10.96,FIXED SL HIT (-35 Pts),129612.55
213,2026-04-13 09:15,2026-04-13 10:15,PE,23800,23660.05,23695.05,219.46,197.25,65,-1443.65,-10.12,FIXED SL HIT (-35 Pts),128168.9
214,2026-04-13 10:15,2026-04-13 13:15,CE,23600,23743.7,23893.7,234.04,346.98,65,7341.1,48.26,TARGET HIT (+150 Pts),135510.0
215,2026-04-13 13:15,2026-04-13 15:15,CE,23800,23854.5,23819.5,178.65,158.85,65,-1287.0,-11.08,FIXED SL HIT (-35 Pts),134223.0
216,2026-04-15 09:15,2026-04-15 10:15,CE,24100,24241.65,24206.65,235.54,212.47,65,-1499.55,-9.79,FIXED SL HIT (-35 Pts),132723.45
217,2026-04-16 09:15,2026-04-16 11:15,CE,24200,24307.6,24272.6,213.67,191.87,65,-1417.0,-10.2,FIXED SL HIT (-35 Pts),131306.45
218,2026-04-16 11:15,2026-04-16 14:15,PE,24300,24184.8,24219.8,206.38,185.2,65,-1376.7,-10.26,FIXED SL HIT (-35 Pts),129929.75
219,2026-04-17 09:15,2026-04-17 10:15,CE,24200,24272.95,24237.95,192.08,171.59,65,-1331.85,-10.67,FIXED SL HIT (-35 Pts),128597.9
220,2026-04-21 09:15,2026-04-22 09:15,CE,24400,24513.15,24478.15,218.44,196.46,65,-1428.7,-10.06,FIXED SL HIT (-35 Pts),127169.2
221,2026-04-22 09:15,2026-04-22 10:15,PE,24500,24373.15,24408.15,214.82,193.23,65,-1403.35,-10.05,FIXED SL HIT (-35 Pts),125765.85
222,2026-04-23 09:15,2026-04-24 09:15,PE,24400,24275.35,24125.35,212.88,319.12,65,6905.6,49.91,TARGET HIT (+150 Pts),132671.45
223,2026-04-24 09:15,2026-04-24 13:15,PE,24100,23992.85,23842.85,200.28,304.3,65,6761.3,51.94,TARGET HIT (+150 Pts),139432.75
224,2026-04-24 14:15,2026-04-27 09:15,CE,23800,23895.45,24045.45,203.55,309.48,65,6885.45,52.04,TARGET HIT (+150 Pts),146318.2
225,2026-04-27 09:15,2026-04-27 10:15,CE,24000,24063.3,24028.3,185.07,164.94,65,-1308.45,-10.88,FIXED SL HIT (-35 Pts),145009.75
226,2026-04-28 09:15,2026-04-28 11:15,CE,24000,24148.3,24113.3,239.49,216.16,65,-1516.45,-9.74,FIXED SL HIT (-35 Pts),143493.3
227,2026-04-28 11:15,2026-04-29 09:15,PE,24100,24048.25,24083.25,167.82,149.08,65,-1218.1,-11.17,FIXED SL HIT (-35 Pts),142275.2
228,2026-04-29 09:15,2026-04-29 13:15,CE,24100,24233.8,24198.8,230.25,207.47,65,-1480.7,-9.89,FIXED SL HIT (-35 Pts),140794.5
229,2026-04-29 13:15,2026-04-30 09:15,PE,24300,24214.6,24064.6,188.27,288.8,65,6534.45,53.4,TARGET HIT (+150 Pts),147328.95
230,2026-04-30 09:15,2026-04-30 11:15,PE,23900,23828.6,23863.6,177.8,158.27,65,-1269.45,-10.98,FIXED SL HIT (-35 Pts),146059.5
231,2026-04-30 12:15,2026-05-04 09:15,CE,23900,23950.15,24100.15,176.73,275.75,65,6436.3,56.03,TARGET HIT (+150 Pts),152495.8
232,2026-05-04 09:15,2026-05-04 11:15,CE,24100,24175.2,24140.2,192.83,172.25,65,-1337.7,-10.67,FIXED SL HIT (-35 Pts),151158.1
233,2026-05-04 11:15,2026-05-04 12:15,PE,24200,24117.0,24152.0,186.28,166.33,65,-1296.75,-10.71,FIXED SL HIT (-35 Pts),149861.35
234,2026-05-05 09:15,2026-05-05 12:15,PE,24100,23986.0,24021.0,204.53,183.36,65,-1376.05,-10.35,FIXED SL HIT (-35 Pts),148485.3
235,2026-05-05 12:15,2026-05-05 13:15,CE,24000,24068.8,24033.8,188.36,168.01,65,-1322.75,-10.8,FIXED SL HIT (-35 Pts),147162.55
236,2026-05-06 09:15,2026-05-06 10:15,CE,24000,24137.3,24102.3,232.02,209.09,65,-1490.45,-9.88,FIXED SL HIT (-35 Pts),145672.1
237,2026-05-06 14:15,2026-05-07 11:15,CE,24200,24321.35,24286.35,222.59,200.28,65,-1450.15,-10.02,FIXED SL HIT (-35 Pts),144221.95
238,2026-05-07 12:15,2026-05-07 13:15,CE,24300,24389.7,24354.7,202.96,181.85,65,-1372.15,-10.4,FIXED SL HIT (-35 Pts),142849.8
239,2026-05-08 09:15,2026-05-11 09:15,PE,24300,24211.3,24061.3,190.22,291.26,65,6567.6,53.12,TARGET HIT (+150 Pts),149417.4
240,2026-05-11 09:15,2026-05-11 11:15,PE,24000,23893.4,23928.4,199.38,178.49,65,-1357.85,-10.48,FIXED SL HIT (-35 Pts),148059.55
241,2026-05-11 14:15,2026-05-12 09:15,PE,23900,23805.75,23655.75,191.29,293.59,65,6649.5,53.48,TARGET HIT (+150 Pts),154709.05
242,2026-05-12 09:15,2026-05-12 13:15,PE,23800,23651.4,23501.4,225.15,335.55,65,7176.0,49.03,TARGET HIT (+150 Pts),161885.05
243,2026-05-12 13:15,2026-05-12 14:15,PE,23600,23457.5,23492.5,220.06,197.71,65,-1452.75,-10.16,FIXED SL HIT (-35 Pts),160432.3
244,2026-05-12 14:15,2026-05-12 15:15,PE,23500,23354.8,23389.8,221.3,198.83,65,-1460.55,-10.15,FIXED SL HIT (-35 Pts),158971.75
245,2026-05-13 12:15,2026-05-13 13:15,CE,23400,23538.5,23503.5,229.35,206.26,65,-1500.85,-10.07,FIXED SL HIT (-35 Pts),157470.9
246,2026-05-13 14:15,2026-05-14 09:15,PE,23500,23425.7,23460.7,177.2,157.52,65,-1279.2,-11.11,FIXED SL HIT (-35 Pts),156191.7
247,2026-05-14 09:15,2026-05-14 10:15,CE,23400,23495.8,23460.8,201.36,179.9,65,-1394.9,-10.66,FIXED SL HIT (-35 Pts),154796.8
248,2026-05-14 11:15,2026-05-15 09:15,CE,23600,23667.4,23817.4,185.07,287.0,65,6625.45,55.08,TARGET HIT (+150 Pts),161422.25
249,2026-05-15 09:15,2026-05-15 10:15,CE,23700,23800.1,23765.1,205.89,184.3,65,-1403.35,-10.49,FIXED SL HIT (-35 Pts),160018.9
250,2026-05-18 09:15,2026-05-18 10:15,PE,23500,23362.4,23397.4,216.31,194.13,65,-1441.7,-10.25,FIXED SL HIT (-35 Pts),158577.2
251,2026-05-18 12:15,2026-05-19 09:15,CE,23500,23615.9,23765.9,214.88,324.09,65,7098.65,50.82,TARGET HIT (+150 Pts),165675.85
252,2026-05-19 09:15,2026-05-19 10:15,CE,23700,23754.25,23719.25,177.89,158.09,65,-1287.0,-11.13,FIXED SL HIT (-35 Pts),164388.85
253,2026-05-19 14:15,2026-05-20 09:15,PE,23700,23624.55,23474.55,179.01,278.6,65,6473.35,55.63,TARGET HIT (+150 Pts),170862.2
254,2026-05-20 09:15,2026-05-20 10:15,PE,23600,23500.2,23535.2,192.98,172.29,65,-1344.85,-10.72,FIXED SL HIT (-35 Pts),169517.35
255,2026-05-20 10:15,2026-05-21 09:15,CE,23500,23562.4,23712.4,181.47,282.72,65,6581.25,55.79,TARGET HIT (+150 Pts),176098.6
256,2026-05-21 09:15,2026-05-21 10:15,CE,23700,23767.5,23732.5,185.74,165.42,65,-1320.8,-10.94,FIXED SL HIT (-35 Pts),174777.8
257,2026-05-22 11:15,2026-05-22 12:15,CE,23700,23798.6,23763.6,204.94,183.41,65,-1399.45,-10.51,FIXED SL HIT (-35 Pts),173378.35
258,2026-05-26 09:15,2026-05-26 11:15,CE,24000,24063.0,24028.0,184.89,164.77,65,-1307.8,-10.88,FIXED SL HIT (-35 Pts),172070.55
259,2026-05-26 12:15,2026-05-29 12:15,PE,24100,23974.35,23824.35,211.87,318.61,65,6938.1,50.38,TARGET HIT (+150 Pts),179008.65
260,2026-05-29 12:15,2026-05-29 14:15,PE,23900,23769.25,23619.25,214.04,321.76,65,7001.8,50.33,TARGET HIT (+150 Pts),186010.45
261,2026-05-29 14:15,2026-05-29 15:15,PE,23600,23528.7,23563.7,176.03,156.48,65,-1270.75,-11.11,FIXED SL HIT (-35 Pts),184739.7
262,2026-06-01 13:15,2026-06-02 09:15,PE,23500,23416.95,23266.95,182.34,283.32,65,6563.7,55.38,TARGET HIT (+150 Pts),191303.4
263,2026-06-02 09:15,2026-06-02 10:15,PE,23400,23281.45,23316.45,203.52,182.07,65,-1394.25,-10.54,FIXED SL HIT (-35 Pts),189909.15
264,2026-06-02 12:15,2026-06-02 14:15,CE,23400,23473.75,23438.75,187.68,167.09,65,-1338.35,-10.97,FIXED SL HIT (-35 Pts),188570.8
265,2026-06-03 09:15,2026-06-03 10:15,PE,23300,23240.5,23275.5,167.56,148.46,65,-1241.5,-11.4,FIXED SL HIT (-35 Pts),187329.3
266,2026-06-03 12:15,2026-06-03 14:15,CE,23200,23298.35,23448.35,201.77,308.77,65,6955.0,53.03,TARGET HIT (+150 Pts),194284.3
267,2026-06-04 09:15,2026-06-04 10:15,CE,23300,23431.35,23396.35,223.94,201.11,65,-1483.95,-10.19,FIXED SL HIT (-35 Pts),192800.35
268,2026-06-05 14:15,2026-06-08 09:15,CE,23300,23365.75,23330.75,182.24,161.95,65,-1318.85,-11.13,FIXED SL HIT (-35 Pts),191481.5
269,2026-06-08 09:15,2026-06-08 10:15,PE,23300,23174.25,23209.25,207.56,185.81,65,-1413.75,-10.48,FIXED SL HIT (-35 Pts),190067.75
270,2026-06-08 14:15,2026-06-09 09:15,PE,23200,23134.45,23169.45,170.43,151.08,65,-1257.75,-11.35,FIXED SL HIT (-35 Pts),188810.0
271,2026-06-09 11:15,2026-06-10 09:15,CE,23100,23186.8,23336.8,193.9,299.27,65,6849.05,54.34,TARGET HIT (+150 Pts),195659.05
272,2026-06-10 09:15,2026-06-10 14:15,CE,23200,23317.0,23282.0,213.83,191.52,65,-1450.15,-10.43,FIXED SL HIT (-35 Pts),194208.9
273,2026-06-10 14:15,2026-06-11 11:15,PE,23300,23199.7,23234.7,191.61,170.86,65,-1348.75,-10.83,FIXED SL HIT (-35 Pts),192860.15
274,2026-06-11 14:15,2026-06-12 09:15,PE,23300,23165.8,23200.8,213.02,190.93,65,-1435.85,-10.37,FIXED SL HIT (-35 Pts),191424.3
275,2026-06-12 09:15,2026-06-12 13:15,CE,23200,23342.65,23492.65,231.02,344.31,65,7363.85,49.04,TARGET HIT (+150 Pts),198788.15
276,2026-06-12 13:15,2026-06-15 09:15,CE,23400,23527.5,23677.5,221.95,332.91,65,7212.4,49.99,TARGET HIT (+150 Pts),206000.55
277,2026-06-15 14:15,2026-06-16 09:15,PE,23900,23844.4,23879.4,168.82,149.91,65,-1229.15,-11.2,FIXED SL HIT (-35 Pts),204771.4
278,2026-06-17 09:15,2026-06-17 12:15,CE,23900,24047.7,24012.7,238.5,215.17,65,-1516.45,-9.78,FIXED SL HIT (-35 Pts),203254.95
279,2026-06-17 14:15,2026-06-18 11:15,CE,24000,24083.2,24048.2,197.12,176.22,65,-1358.5,-10.6,FIXED SL HIT (-35 Pts),201896.45
280,2026-06-18 14:15,2026-06-19 09:15,CE,24100,24177.45,24142.45,194.2,173.53,65,-1343.55,-10.64,FIXED SL HIT (-35 Pts),200552.9
281,2026-06-19 09:15,2026-06-19 15:15,PE,24100,24009.95,24044.95,189.9,169.66,65,-1315.6,-10.66,FIXED SL HIT (-35 Pts),199237.3
282,2026-06-22 09:15,2026-06-22 12:15,CE,24000,24149.65,24114.65,240.41,217.03,65,-1519.7,-9.73,FIXED SL HIT (-35 Pts),197717.6
283,2026-06-23 09:15,2026-06-23 10:15,CE,24000,24124.05,24089.05,223.19,200.74,65,-1459.25,-10.06,FIXED SL HIT (-35 Pts),196258.35
284,2026-06-23 11:15,2026-06-23 15:15,PE,24100,23965.0,23815.0,217.86,325.95,65,7025.85,49.61,TARGET HIT (+150 Pts),203284.2
285,2026-06-24 09:15,2026-06-24 13:15,CE,23800,23917.85,24067.85,217.93,327.08,65,7094.75,50.08,TARGET HIT (+150 Pts),210378.95
286,2026-06-24 13:15,2026-06-24 14:15,CE,24000,24056.65,24021.65,181.14,161.27,65,-1291.55,-10.97,FIXED SL HIT (-35 Pts),209087.4
287,2026-06-25 09:15,2026-06-25 13:15,CE,24100,24184.1,24149.1,198.28,177.36,65,-1359.8,-10.55,FIXED SL HIT (-35 Pts),207727.6
288,2026-06-25 13:15,2026-06-29 12:15,PE,24200,24138.65,23988.65,173.78,270.68,65,6298.5,55.76,TARGET HIT (+150 Pts),214026.1
289,2026-06-29 12:15,2026-06-30 09:15,PE,24100,23962.7,23997.7,219.35,197.3,65,-1433.25,-10.05,FIXED SL HIT (-35 Pts),212592.85
290,2026-06-30 09:15,2026-06-30 10:15,PE,24000,23889.8,23924.8,201.61,180.58,65,-1366.95,-10.43,FIXED SL HIT (-35 Pts),211225.9
291,2026-06-30 14:15,2026-06-30 15:15,PE,24000,23864.8,23899.8,217.45,195.46,65,-1429.35,-10.11,FIXED SL HIT (-35 Pts),209796.55
292,2026-07-01 09:15,2026-07-01 10:15,CE,23900,23987.1,23952.1,198.93,177.86,65,-1369.55,-10.59,FIXED SL HIT (-35 Pts),208427.0
293,2026-07-02 09:15,2026-07-03 09:15,CE,24000,24075.55,24225.55,192.44,295.24,65,6682.0,53.42,TARGET HIT (+150 Pts),215109.0
294,2026-07-03 09:15,2026-07-03 13:15,CE,24200,24329.95,24294.95,228.27,205.64,65,-1470.95,-9.91,FIXED SL HIT (-35 Pts),213638.05
295,2026-07-06 09:15,2026-07-07 11:15,CE,24300,24369.95,24519.95,190.89,292.58,65,6609.85,53.27,TARGET HIT (+150 Pts),220247.9
296,2026-07-07 12:15,2026-07-07 14:15,PE,24500,24436.45,24471.45,176.75,157.57,65,-1246.7,-10.85,FIXED SL HIT (-35 Pts),219001.2
297,2026-07-07 14:15,2026-07-08 09:15,PE,24500,24397.85,24247.85,199.45,302.29,65,6684.6,51.56,TARGET HIT (+150 Pts),225685.8
298,2026-07-08 09:15,2026-07-08 10:15,PE,24300,24238.2,24273.2,174.61,155.49,65,-1242.8,-10.95,FIXED SL HIT (-35 Pts),224443.0
299,2026-07-08 12:15,2026-07-08 13:15,PE,24300,24216.95,24066.95,186.88,287.05,65,6511.05,53.6,TARGET HIT (+150 Pts),230954.05
300,2026-07-08 13:15,2026-07-08 14:15,PE,24000,23897.6,23932.6,196.8,176.07,65,-1347.45,-10.53,FIXED SL HIT (-35 Pts),229606.6
301,2026-07-09 09:15,2026-07-09 10:15,CE,23900,24044.25,24009.25,236.14,212.94,65,-1508.0,-9.82,FIXED SL HIT (-35 Pts),228098.6
302,2026-07-09 14:15,2026-07-09 15:15,PE,24000,23940.5,23975.5,171.58,152.53,65,-1238.25,-11.1,FIXED SL HIT (-35 Pts),226860.35
303,2026-07-13 09:15,2026-07-13 10:15,PE,24200,24112.95,24147.95,188.68,168.57,65,-1307.15,-10.66,FIXED SL HIT (-35 Pts),225553.2
304,2026-07-13 12:15,2026-07-13 13:15,CE,24100,24223.0,24188.0,223.09,200.7,65,-1455.35,-10.04,FIXED SL HIT (-35 Pts),224097.85
305,2026-07-14 09:15,2026-07-14 10:15,PE,24200,24085.15,24120.15,205.61,184.43,65,-1376.7,-10.3,FIXED SL HIT (-35 Pts),222721.15
306,2026-07-15 09:15,2026-07-15 11:15,CE,24100,24202.3,24167.3,209.69,188.07,65,-1405.3,-10.31,FIXED SL HIT (-35 Pts),221315.85
307,2026-07-15 12:15,2026-07-15 13:15,PE,24200,24054.4,24089.4,225.31,202.97,65,-1452.1,-9.92,FIXED SL HIT (-35 Pts),219863.75
308,2026-07-16 09:15,2026-07-16 13:15,CE,24000,24126.45,24091.45,224.77,202.24,65,-1464.45,-10.02,FIXED SL HIT (-35 Pts),218399.3
309,2026-07-16 13:15,2026-07-16 14:15,PE,24200,24091.55,24126.55,201.64,180.7,65,-1361.1,-10.38,FIXED SL HIT (-35 Pts),217038.2
310,2026-07-17 09:15,2026-07-20 09:15,CE,24100,24239.35,24204.35,233.98,210.99,65,-1494.35,-9.83,FIXED SL HIT (-35 Pts),215543.85
311,2026-07-20 09:15,2026-07-20 13:15,PE,24300,24209.95,24244.95,191.03,170.81,65,-1314.3,-10.58,FIXED SL HIT (-35 Pts),214229.55
312,2026-07-21 09:15,2026-07-22 09:15,PE,24300,24212.9,24062.9,189.27,290.06,65,6551.35,53.25,TARGET HIT (+150 Pts),220780.9
313,2026-07-22 09:15,2026-07-23 09:15,PE,24100,24033.45,23883.45,176.16,273.97,65,6357.65,55.52,TARGET HIT (+150 Pts),227138.55
314,2026-07-23 09:15,2026-07-23 14:15,PE,24100,23958.25,23808.25,222.25,331.3,65,7088.25,49.07,TARGET HIT (+150 Pts),234226.8
315,2026-07-23 14:15,2026-07-24 09:15,CE,23800,23872.4,23837.4,189.31,168.8,65,-1333.15,-10.83,FIXED SL HIT (-35 Pts),232893.65
316,2026-07-24 09:15,2026-07-24 10:15,PE,23700,23608.7,23643.7,188.39,168.06,65,-1321.45,-10.79,FIXED SL HIT (-35 Pts),231572.2
317,2026-07-24 11:15,2026-07-27 09:15,CE,23600,23702.85,23852.85,207.04,314.26,65,6969.3,51.79,TARGET HIT (+150 Pts),238541.5
318,2026-07-27 09:15,2026-07-27 10:15,CE,23800,23933.3,23898.3,228.17,205.35,65,-1483.3,-10.0,FIXED SL HIT (-35 Pts),237058.2
319,2026-07-27 13:15,2026-07-28 14:15,CE,23900,23995.9,23960.9,204.43,183.03,65,-1391.0,-10.47,FIXED SL HIT (-35 Pts),235667.2
320,2026-07-29 09:15,2026-07-31 09:15,CE,24100,24221.3,24371.3,221.97,331.26,65,7103.85,49.24,TARGET HIT (+150 Pts),242771.05
321,2026-07-31 09:15,2026-08-03 09:15,CE,24200,24346.05,24496.05,239.1,351.63,65,7314.45,47.06,TARGET HIT (+150 Pts),250085.5
322,2026-08-03 09:15,2026-08-03 15:15,CE,24500,24579.2,24729.2,197.71,300.59,65,6687.2,52.04,TARGET HIT (+150 Pts),256772.7
323,2026-08-04 11:15,2026-08-04 15:15,PE,24600,24511.3,24546.3,191.92,171.79,65,-1308.45,-10.49,FIXED SL HIT (-35 Pts),255464.25
324,2026-08-05 09:15,2026-08-05 10:15,CE,24500,24620.9,24585.9,224.07,201.82,65,-1446.25,-9.93,FIXED SL HIT (-35 Pts),254018.0
325,2026-08-05 12:15,2026-08-05 14:15,PE,24600,24535.05,24570.05,178.12,158.9,65,-1249.3,-10.79,FIXED SL HIT (-35 Pts),252768.7
326,2026-08-05 14:15,2026-08-07 09:15,CE,24500,24572.25,24537.25,193.5,173.06,65,-1328.6,-10.56,FIXED SL HIT (-35 Pts),251440.1
327,2026-08-07 09:15,2026-08-11 10:15,PE,24700,24599.7,24449.7,199.45,301.81,65,6653.4,51.32,TARGET HIT (+150 Pts),258093.5
328,2026-08-12 09:15,2026-08-12 10:15,PE,24500,24365.3,24400.3,219.84,197.96,65,-1422.2,-9.95,FIXED SL HIT (-35 Pts),256671.3
329,2026-08-12 10:15,2026-08-12 14:15,PE,24400,24302.4,24337.4,196.13,175.63,65,-1332.5,-10.45,FIXED SL HIT (-35 Pts),255338.8
330,2026-08-12 14:15,2026-08-13 09:15,CE,24300,24369.3,24334.3,190.5,170.16,65,-1322.1,-10.68,FIXED SL HIT (-35 Pts),254016.7
331,2026-08-13 09:15,2026-08-13 11:15,PE,24400,24343.55,24378.55,172.17,153.27,65,-1228.5,-10.98,FIXED SL HIT (-35 Pts),252788.2
332,2026-08-13 11:15,2026-08-13 12:15,CE,24300,24395.65,24360.65,206.69,185.35,65,-1387.1,-10.32,FIXED SL HIT (-35 Pts),251401.1
333,2026-08-14 09:15,2026-08-14 13:15,PE,24400,24345.45,24380.45,171.11,152.28,65,-1223.95,-11.0,FIXED SL HIT (-35 Pts),250177.15
334,2026-08-14 13:15,2026-08-17 09:15,CE,24300,24383.55,24348.55,199.16,178.28,65,-1357.2,-10.48,FIXED SL HIT (-35 Pts),248819.95
335,2026-08-17 09:15,2026-08-17 12:15,PE,24400,24281.5,24316.5,209.0,187.71,65,-1383.85,-10.19,FIXED SL HIT (-35 Pts),247436.1
336,2026-08-17 12:15,2026-08-17 15:15,CE,24200,24346.35,24311.35,239.31,216.09,65,-1509.3,-9.7,FIXED SL HIT (-35 Pts),245926.8
337,2026-08-18 09:15,2026-08-19 09:15,PE,24300,24220.2,24070.2,184.97,284.65,65,6479.2,53.89,TARGET HIT (+150 Pts),252406.0
338,2026-08-19 09:15,2026-08-20 09:15,PE,24200,24091.8,24126.8,201.48,180.56,65,-1359.8,-10.38,FIXED SL HIT (-35 Pts),251046.2
339,2026-08-20 09:15,2026-08-24 11:15,CE,24100,24221.85,24186.85,222.33,199.98,65,-1452.75,-10.05,FIXED SL HIT (-35 Pts),249593.45
340,2026-08-24 11:15,2026-08-25 14:15,PE,24300,24194.05,24229.05,200.65,179.83,65,-1353.3,-10.38,FIXED SL HIT (-35 Pts),248240.15
341,2026-08-25 14:15,2026-08-26 15:15,CE,24200,24260.15,24225.15,184.43,164.44,65,-1299.35,-10.84,FIXED SL HIT (-35 Pts),246940.8
342,2026-08-27 09:15,2026-08-31 09:15,PE,24300,24183.55,24033.55,207.16,312.33,65,6836.05,50.77,TARGET HIT (+150 Pts),253776.85
343,2026-08-31 09:15,2026-08-31 11:15,PE,24100,24017.85,24052.85,185.21,165.28,65,-1295.45,-10.76,FIXED SL HIT (-35 Pts),252481.4
344,2026-08-31 11:15,2026-08-31 14:15,CE,24000,24055.95,24020.95,180.73,160.88,65,-1290.25,-10.98,FIXED SL HIT (-35 Pts),251191.15
345,2026-09-01 09:15,2026-09-01 10:15,PE,24100,24036.25,24071.25,174.56,155.35,65,-1248.65,-11.0,FIXED SL HIT (-35 Pts),249942.5
346,2026-09-01 10:15,2026-09-01 12:15,CE,24000,24107.05,24072.05,212.13,190.32,65,-1417.65,-10.28,FIXED SL HIT (-35 Pts),248524.85
347,2026-09-01 13:15,2026-09-01 15:15,PE,24100,23965.05,24000.05,217.83,195.87,65,-1427.4,-10.08,FIXED SL HIT (-35 Pts),247097.45
348,2026-09-02 09:15,2026-09-02 10:15,PE,23900,23848.3,23883.3,166.64,147.89,65,-1218.75,-11.25,FIXED SL HIT (-35 Pts),245878.7
349,2026-09-02 12:15,2026-09-07 09:15,CE,23800,23873.85,23838.85,190.18,169.62,65,-1336.4,-10.81,FIXED SL HIT (-35 Pts),244542.3
350,2026-09-07 09:15,2026-09-08 11:15,PE,23900,23806.45,23656.45,190.87,293.06,65,6642.35,53.54,TARGET HIT (+150 Pts),251184.65
351,2026-09-08 11:15,2026-09-09 09:15,PE,23700,23649.7,23499.7,164.71,260.28,65,6212.05,58.02,TARGET HIT (+150 Pts),257396.7
352,2026-09-09 09:15,2026-09-09 10:15,PE,23600,23485.4,23520.4,202.14,180.87,65,-1382.55,-10.52,FIXED SL HIT (-35 Pts),256014.15
353,2026-09-09 12:15,2026-09-09 14:15,CE,23400,23543.95,23508.95,233.06,209.77,65,-1513.85,-9.99,FIXED SL HIT (-35 Pts),254500.3
354,2026-09-09 14:15,2026-09-11 09:15,PE,23600,23462.15,23312.15,217.01,326.13,65,7092.8,50.28,TARGET HIT (+150 Pts),261593.1
355,2026-09-11 09:15,2026-09-11 10:15,PE,23400,23297.2,23332.2,193.7,172.87,65,-1353.95,-10.75,FIXED SL HIT (-35 Pts),260239.15
356,2026-09-11 10:15,2026-09-15 09:15,CE,23200,23337.9,23487.9,227.78,340.42,65,7321.6,49.45,TARGET HIT (+150 Pts),267560.75
357,2026-09-15 09:15,2026-09-15 13:15,PE,23500,23386.75,23236.75,200.74,306.36,65,6865.3,52.62,TARGET HIT (+150 Pts),274426.05
358,2026-09-15 14:15,2026-09-16 09:15,PE,23300,23172.25,23207.25,208.84,187.01,65,-1418.95,-10.45,FIXED SL HIT (-35 Pts),273007.1
